trade_id,stock_symbol,quantity,purchase_price,sale_price,purchase_date,sale_date,profit,sector,industry
1,EYESW,5068,84.65,103.25,1/4/2022,10/2/2020,18.6,Health Care,Biotechnology: Electromedical & Electrotherapeutic Apparatus
2,WSTL,7437,652.8,229.14,2/11/2020,5/27/2021,-423.66,Public Utilities,Telecommunications Equipment
3,FFNW,9373,559.55,310.86,10/19/2022,6/13/2022,-248.69,Finance,Major Banks
4,XLNX,9165,11.81,186.63,1/5/2020,1/17/2022,174.82,Technology,Semiconductors
5,FCAP,3262,635.01,511.18,12/23/2020,7/13/2022,-123.83,Finance,Savings Institutions
6,DTUS,3232,773.11,53.63,4/10/2021,4/18/2021,-719.48,Finance,Commercial Banks
7,PJT,1732,849.01,230.51,11/2/2020,4/23/2021,-618.5,Finance,Investment Managers
8,CIVB,1157,430.41,647.46,2/27/2020,12/28/2022,217.05,Finance,Major Banks
9,NLY^D,8821,207.67,331.85,5/20/2022,12/21/2020,124.18,n/a,n/a
10,CST,3904,723.32,590.24,9/23/2021,3/18/2021,-133.08,Consumer Durables,Automotive Aftermarket
11,MCS,4565,651.18,473.8,3/31/2020,7/13/2022,-177.38,Consumer Services,Movies/Entertainment
12,SJW,8151,751.94,323.09,4/5/2022,5/12/2021,-428.85,Public Utilities,Water Supply
13,HCA,4949,937.18,658.68,11/24/2021,2/1/2020,-278.5,Health Care,Hospital/Nursing Management
14,AUPH,7187,578.69,576.64,2/23/2022,2/1/2022,-2.05,Health Care,Major Pharmaceuticals
15,NS^B,8921,238.49,808.77,5/18/2021,7/28/2022,570.28,n/a,n/a
16,C^L,82,419.89,10.58,6/12/2022,1/22/2021,-409.31,n/a,n/a
17,AGX,8798,310.66,991.0,8/14/2020,10/7/2020,680.34,Basic Industries,Engineering & Construction
18,KTOVW,7993,436.92,890.3,12/2/2020,3/16/2021,453.38,Health Care,Major Pharmaceuticals
19,AEM,9807,5.8,264.99,9/1/2022,10/25/2022,259.19,Basic Industries,Precious Metals
20,PIM,9585,53.96,871.56,12/9/2020,11/7/2021,817.6,n/a,n/a
21,CALM,1199,801.53,286.63,10/12/2020,7/24/2020,-514.9,Consumer Non-Durables,Farming/Seeds/Milling
22,AFHBL,8770,850.25,315.41,2/7/2022,12/5/2021,-534.84,Finance,Property-Casualty Insurers
23,FCE.A,7305,45.03,794.24,8/3/2021,5/27/2020,749.21,n/a,n/a
24,PSET,3313,688.3,339.14,9/9/2021,1/24/2022,-349.16,n/a,n/a
25,Y,4054,533.18,946.5,1/20/2020,10/6/2022,413.32,Finance,Property-Casualty Insurers
26,LBRDK,8098,846.43,150.03,11/9/2021,3/10/2021,-696.4,Consumer Services,Television Services
27,VTR,6362,613.12,514.32,1/9/2021,10/26/2021,-98.8,Consumer Services,Real Estate Investment Trusts
28,STLRU,3868,275.5,453.29,3/29/2020,11/30/2022,177.79,Finance,Business Services
29,CEO,3629,718.74,46.17,3/18/2022,5/18/2021,-672.57,Energy,Oil & Gas Production
30,HOTRW,2356,474.19,347.94,7/22/2021,10/19/2021,-126.25,Consumer Services,Restaurants
31,TTI,7037,256.29,502.12,4/19/2021,1/22/2022,245.83,Energy,Oil & Gas Production
32,SITO,7423,613.46,651.43,12/26/2021,3/30/2020,37.97,Miscellaneous,Business Services
33,EAE,5322,62.22,549.84,1/3/2022,1/13/2021,487.62,Public Utilities,Electric Utilities: Central
34,FKU,6799,117.08,351.13,2/4/2020,6/7/2022,234.05,n/a,n/a
35,HES,8951,149.03,531.06,3/22/2022,10/29/2021,382.03,Energy,Integrated oil Companies
36,IVAC,2496,62.8,335.69,4/11/2022,8/10/2022,272.89,Technology,Industrial Machinery/Components
37,PTY,4944,455.42,468.81,5/31/2022,1/19/2022,13.39,n/a,n/a
38,POT,3452,294.33,179.36,2/17/2020,4/23/2021,-114.97,Basic Industries,Agricultural Chemicals
39,NSP,7926,190.61,245.06,12/8/2022,9/17/2020,54.45,Technology,Professional Services
40,NPO,4209,399.66,628.69,3/16/2020,11/20/2021,229.03,Basic Industries,Metal Fabrications
41,INFI,3055,618.23,606.4,10/18/2022,11/8/2022,-11.83,Health Care,Major Pharmaceuticals
42,SONC,5256,4.06,533.76,4/28/2020,10/13/2020,529.7,Consumer Services,Restaurants
43,ZGNX,6673,918.78,948.45,5/25/2020,2/11/2021,29.67,Health Care,Major Pharmaceuticals
44,STI.WS.A,2048,453.03,579.57,1/8/2022,10/9/2021,126.54,n/a,n/a
45,PMT^A,8115,262.24,498.53,7/23/2021,4/11/2020,236.29,n/a,n/a
46,COG,7495,780.69,478.81,12/9/2021,12/19/2022,-301.88,Energy,Oil & Gas Production
47,AGND,9052,946.64,917.22,10/8/2020,1/13/2022,-29.42,n/a,n/a
48,MLNX,252,614.88,173.23,7/19/2020,8/26/2022,-441.65,Technology,Semiconductors
49,JAX,6290,86.56,3.63,5/17/2022,8/21/2021,-82.93,Consumer Services,Restaurants
50,RLJE,9501,724.24,987.18,1/8/2022,2/7/2020,262.94,Consumer Services,Movies/Entertainment
51,MBFI,4487,418.96,261.62,8/19/2022,6/19/2022,-157.34,Finance,Major Banks
52,GS^B,793,974.56,690.75,12/19/2021,12/24/2021,-283.81,n/a,n/a
53,FNV,9083,82.74,385.15,1/23/2022,2/14/2020,302.41,Basic Industries,Precious Metals
54,EXAS,4581,466.08,10.41,7/3/2021,12/6/2020,-455.67,Health Care,Biotechnology: Commercial Physical & Biological Resarch
55,FCH,6311,667.49,33.34,1/3/2022,7/19/2021,-634.15,Consumer Services,Real Estate Investment Trusts
56,HSON,3146,697.65,681.38,12/14/2020,9/30/2020,-16.27,Technology,Professional Services
57,AZPN,4904,662.68,285.28,4/23/2021,10/29/2022,-377.4,Technology,EDP Services
58,BIB,4300,569.2,914.32,5/15/2020,5/26/2021,345.12,n/a,n/a
59,SRE,9858,616.54,640.72,2/9/2020,7/9/2021,24.18,Public Utilities,Natural Gas Distribution
60,OFS,6944,594.69,863.12,9/29/2022,4/21/2022,268.43,n/a,n/a
61,VTL,4968,593.15,933.21,1/26/2022,4/7/2021,340.06,Health Care,Major Pharmaceuticals
62,ZGNX,4769,901.38,288.66,8/12/2020,11/1/2022,-612.72,Health Care,Major Pharmaceuticals
63,BOOM,3731,550.49,198.48,9/26/2021,4/23/2021,-352.01,Capital Goods,Industrial Specialties
64,DLX,8962,880.76,487.15,1/29/2020,1/23/2022,-393.61,Consumer Durables,Publishing
65,CCI,5309,183.34,572.7,10/11/2020,5/9/2022,389.36,Consumer Services,Real Estate Investment Trusts
66,ETSY,1184,360.05,42.37,10/29/2022,6/22/2020,-317.68,Miscellaneous,Business Services
67,CSFL,8328,32.91,83.27,1/13/2022,2/20/2020,50.36,Finance,Major Banks
68,CEN,8152,684.26,640.77,12/5/2020,2/7/2021,-43.49,n/a,n/a
69,RFEM,3398,69.89,375.32,3/31/2021,12/10/2020,305.43,n/a,n/a
70,EXR,5175,762.88,836.28,1/28/2021,2/11/2020,73.4,Consumer Services,Real Estate Investment Trusts
71,CMPR,9738,23.73,483.77,8/26/2022,2/26/2020,460.04,Miscellaneous,Publishing
72,CBAY,8153,250.24,286.1,10/9/2022,3/27/2020,35.86,Health Care,Major Pharmaceuticals
73,YUM,7313,542.43,691.87,11/5/2020,1/1/2020,149.44,Consumer Services,Restaurants
74,TNC,8706,432.95,912.81,8/12/2022,5/3/2021,479.86,Technology,Industrial Machinery/Components
75,UAE,161,724.92,511.86,5/13/2020,6/4/2021,-213.06,n/a,n/a
76,EOS,1822,176.52,343.2,12/28/2022,2/23/2022,166.68,n/a,n/a
77,NMRX,4700,974.81,255.28,5/31/2022,5/30/2021,-719.53,Consumer Durables,Telecommunications Equipment
78,CPE^A,1967,160.52,882.17,6/17/2022,6/19/2021,721.65,Energy,Oil & Gas Production
79,MED,2744,131.05,773.93,7/4/2021,7/7/2021,642.88,Consumer Non-Durables,Packaged Foods
80,AVAL,4914,428.96,76.75,7/23/2021,2/28/2021,-352.21,Finance,Commercial Banks
81,NGS,5647,474.5,461.44,1/14/2022,2/23/2022,-13.06,Energy,Oilfield Services/Equipment
82,TCO,3586,478.74,503.19,9/15/2020,2/18/2022,24.45,Consumer Services,Real Estate Investment Trusts
83,GBNK,2641,482.41,418.32,6/14/2021,8/17/2022,-64.09,Finance,Major Banks
84,NFX,5516,373.2,969.41,1/23/2021,5/17/2022,596.21,Energy,Oil & Gas Production
85,TNP^D,2888,127.39,492.77,7/4/2020,9/20/2021,365.38,n/a,n/a
86,BHL,6658,330.43,703.64,7/19/2022,11/5/2021,373.21,n/a,n/a
87,SHAK,4387,838.33,702.08,2/19/2020,10/29/2022,-136.25,Consumer Services,Restaurants
88,VRNT,3690,639.9,789.1,12/7/2020,7/2/2020,149.2,Technology,EDP Services
89,BXE,2412,943.8,378.12,10/12/2021,12/9/2020,-565.68,Energy,Oil & Gas Production
90,USAC,8152,867.78,387.78,2/6/2021,1/10/2021,-480.0,Public Utilities,Natural Gas Distribution
91,TRS,3328,736.78,495.77,9/16/2022,4/3/2021,-241.01,Capital Goods,Industrial Specialties
92,ROBO,4554,964.84,621.88,10/13/2021,6/14/2021,-342.96,n/a,n/a
93,HBP,3026,623.78,192.92,3/13/2022,6/28/2021,-430.86,Consumer Services,RETAIL: Building Materials
94,GGT,5842,102.84,464.53,6/2/2020,7/1/2021,361.69,n/a,n/a
95,IMMU,5436,792.0,240.14,10/21/2021,11/12/2021,-551.86,Health Care,Biotechnology: In Vitro & In Vivo Diagnostic Substances
96,QRHC,9498,982.09,514.82,7/10/2021,8/11/2020,-467.27,Technology,Diversified Commercial Services
97,EVSTC,1798,754.09,604.95,8/19/2020,4/27/2021,-149.14,n/a,n/a
98,BEP,1329,504.72,635.58,5/11/2020,1/3/2020,130.86,Public Utilities,Electric Utilities: Central
99,VMC,431,204.76,384.91,12/9/2020,3/15/2020,180.15,Basic Industries,Mining & Quarrying of Nonmetallic Minerals (No Fuels)
100,HFC,3220,916.22,940.53,3/9/2022,7/9/2021,24.31,Energy,Integrated oil Companies
101,RELX,4892,221.21,335.2,8/2/2020,5/23/2022,113.99,Consumer Services,Publishing
102,TNH,2392,92.57,836.07,7/22/2022,8/31/2020,743.5,Basic Industries,Agricultural Chemicals
103,TBPH,3310,434.67,621.37,7/25/2021,6/26/2020,186.7,Health Care,Major Pharmaceuticals
104,INO,1889,512.29,712.85,8/20/2022,11/8/2020,200.56,Health Care,Medical/Dental Instruments
105,MTLS,9677,556.27,852.46,8/22/2021,9/21/2021,296.19,Technology,Computer Software: Prepackaged Software
106,CSTM,8031,414.34,961.32,9/26/2022,10/16/2020,546.98,Basic Industries,Metal Fabrications
107,SCMP,7382,260.99,517.14,11/8/2022,9/11/2020,256.15,Health Care,Major Pharmaceuticals
108,DXJS,3873,944.29,19.13,3/9/2020,5/31/2020,-925.16,n/a,n/a
109,VUZI,7508,388.95,124.52,11/18/2022,3/19/2020,-264.43,Technology,Radio And Television Broadcasting And Communications Equipment
110,TNP^E,6344,764.49,517.1,10/1/2022,9/11/2022,-247.39,n/a,n/a
111,SFL,6410,431.17,946.68,12/31/2020,8/3/2021,515.51,Transportation,Marine Transportation
112,SRCLP,9216,499.28,299.98,1/4/2022,8/23/2020,-199.3,Basic Industries,Environmental Services
113,CNSL,2870,117.46,319.07,10/16/2022,5/24/2021,201.61,Public Utilities,Telecommunications Equipment
114,TVIA,6835,4.26,913.67,12/30/2022,9/17/2021,909.41,Basic Industries,Major Chemicals
115,ICL,7551,137.4,604.47,1/9/2020,10/4/2022,467.07,Basic Industries,Agricultural Chemicals
116,BPL,5287,722.01,373.07,5/26/2021,11/18/2020,-348.94,Energy,Natural Gas Distribution
117,FICO,7373,130.95,145.29,11/16/2021,4/15/2021,14.34,Miscellaneous,Business Services
118,RIG,6377,456.68,37.48,8/18/2020,3/22/2022,-419.2,Energy,Oil & Gas Production
119,CLRO,7443,327.56,951.27,12/4/2021,3/8/2020,623.71,Public Utilities,Telecommunications Equipment
120,ANGO,7457,142.49,356.37,5/3/2020,12/9/2020,213.88,Health Care,Medical/Dental Instruments
121,MFO,9851,377.54,887.04,11/7/2020,3/15/2020,509.5,Consumer Services,Real Estate Investment Trusts
122,WES,1927,167.87,807.03,10/21/2020,6/25/2020,639.16,Public Utilities,Natural Gas Distribution
123,ETJ,2739,945.54,576.32,4/5/2021,11/12/2022,-369.22,n/a,n/a
124,PMC,5328,15.79,123.53,3/19/2020,7/19/2020,107.74,Health Care,Medical/Nursing Services
125,SRET,9872,990.48,937.4,3/14/2022,9/26/2020,-53.08,n/a,n/a
126,TUTI,5635,774.62,605.19,2/19/2022,9/30/2020,-169.43,n/a,n/a
127,PGEM,7959,236.72,145.66,10/28/2021,12/11/2022,-91.06,Basic Industries,Forest Products
128,ATOM,1409,769.46,583.83,8/23/2020,4/3/2020,-185.63,Technology,Semiconductors
129,C^C,9325,192.08,688.32,3/18/2022,2/28/2021,496.24,n/a,n/a
130,CUDA,8927,335.59,182.85,3/5/2020,7/2/2022,-152.74,Technology,Computer peripheral equipment
131,TFSL,7143,155.84,877.79,8/10/2021,10/5/2021,721.95,Finance,Savings Institutions
132,CRY,1674,590.72,617.4,4/2/2022,12/19/2021,26.68,Health Care,Medical/Dental Instruments
133,GFI,4362,902.23,762.55,4/18/2022,11/7/2022,-139.68,Basic Industries,Precious Metals
134,CCC,5974,751.14,762.8,11/8/2021,5/26/2020,11.66,Basic Industries,Major Chemicals
135,ALL^C,3858,959.36,277.63,6/27/2020,8/3/2021,-681.73,n/a,n/a
136,ARI^A,6035,396.31,19.51,2/7/2022,9/25/2021,-376.8,n/a,n/a
137,ECC           ,2257,595.33,612.99,6/29/2022,1/25/2022,17.66,n/a,n/a
138,GSL,4682,707.72,510.62,8/4/2021,5/4/2022,-197.1,Transportation,Marine Transportation
139,EGRX,240,479.98,124.35,5/10/2020,10/30/2022,-355.63,Health Care,Major Pharmaceuticals
140,TACOW,3030,108.89,769.85,9/24/2022,1/19/2022,660.96,Consumer Services,Restaurants
141,UNP,1929,785.75,10.66,8/1/2021,9/4/2020,-775.09,Transportation,Railroads
142,PYN,5854,457.74,560.23,10/11/2020,6/17/2021,102.49,n/a,n/a
143,VCSH,7739,851.5,340.42,2/10/2021,10/15/2020,-511.08,n/a,n/a
144,CNXN,1133,186.34,787.04,10/17/2022,3/24/2022,600.7,Consumer Services,Catalog/Specialty Distribution
145,REGI,9876,953.74,116.97,9/23/2022,9/3/2022,-836.77,Basic Industries,Major Chemicals
146,QPACU,7731,859.15,19.14,8/21/2022,3/5/2021,-840.01,Miscellaneous,Business Services
147,KTOS,4259,822.58,270.84,3/4/2022,12/25/2020,-551.74,Capital Goods,Military/Government/Technical
148,IGLD,8649,128.17,434.54,8/26/2020,6/17/2022,306.37,Public Utilities,Telecommunications Equipment
149,GATX,4329,652.68,147.02,8/28/2022,11/27/2022,-505.66,Consumer Services,Transportation Services
150,GRC,3808,82.62,399.42,9/12/2022,10/15/2021,316.8,Capital Goods,Fluid Controls
151,FCFP,3356,398.08,221.67,5/26/2021,4/8/2022,-176.41,Finance,Major Banks
152,ROYT,7796,516.62,507.83,7/4/2020,11/29/2022,-8.79,Energy,Oil & Gas Production
153,CART,496,393.36,338.21,2/21/2020,2/12/2022,-55.15,Finance,Major Banks
154,TPH,4802,395.47,291.88,7/5/2021,5/25/2022,-103.59,Capital Goods,Homebuilding
155,STLRW,4026,270.15,907.65,10/23/2021,11/13/2022,637.5,Finance,Business Services
156,FFBC,4471,357.97,322.3,11/26/2022,10/13/2021,-35.67,Finance,Major Banks
157,AMBR,6630,947.31,376.45,9/3/2021,11/3/2020,-570.86,Technology,Computer Software: Prepackaged Software
158,IXUS,8838,979.88,83.21,12/30/2020,3/1/2021,-896.67,n/a,n/a
159,PLYAW,2371,18.69,976.4,11/29/2021,7/2/2022,957.71,Consumer Services,Hotels/Resorts
160,WMAR,3460,496.54,765.05,2/15/2021,9/29/2022,268.51,Consumer Durables,Automotive Aftermarket
161,MTSC,1507,589.52,594.93,3/18/2022,12/29/2022,5.41,Capital Goods,Industrial Machinery/Components
162,LUB,5642,291.44,835.39,7/26/2022,12/9/2022,543.95,Consumer Services,Restaurants
163,CMA,3727,812.89,698.49,2/17/2020,3/19/2020,-114.4,Finance,Major Banks
164,UMC,7217,433.36,852.24,3/24/2020,12/28/2021,418.88,Technology,Semiconductors
165,CATB,2915,146.57,946.36,5/3/2022,10/1/2020,799.79,Health Care,Major Pharmaceuticals
166,AGM.A,6413,577.99,565.12,3/9/2022,6/17/2020,-12.87,n/a,n/a
167,NTB,6874,706.63,803.0,5/19/2020,12/26/2021,96.37,Finance,Commercial Banks
168,AMED,9716,506.59,680.38,12/23/2020,12/20/2020,173.79,Health Care,Medical/Nursing Services
169,BF.B,3949,423.23,815.81,7/28/2022,7/4/2020,392.58,n/a,n/a
170,BERY,600,77.75,550.13,2/5/2022,4/18/2022,472.38,Consumer Non-Durables,Plastic Products
171,PRFZ,3755,776.58,807.86,3/5/2022,9/29/2021,31.28,n/a,n/a
172,HZN,1874,313.95,374.78,10/16/2020,8/31/2020,60.83,Capital Goods,Auto Parts:O.E.M.
173,SILC,2305,992.6,483.15,1/27/2021,3/5/2020,-509.45,Technology,Computer Communications Equipment
174,TCO^J,6990,936.54,423.86,2/1/2020,1/30/2020,-512.68,n/a,n/a
175,FFHL,4342,914.37,423.28,9/26/2020,11/22/2022,-491.09,Capital Goods,Specialty Chemicals
176,COG,4405,232.97,625.58,8/13/2020,4/8/2021,392.61,Energy,Oil & Gas Production
177,FNJN,7841,584.75,229.81,12/21/2021,3/3/2020,-354.94,Miscellaneous,Multi-Sector Companies
178,NLY,5256,590.7,663.13,2/10/2021,4/22/2020,72.43,Consumer Services,Real Estate Investment Trusts
179,GIII,2576,727.25,337.75,4/5/2021,7/11/2020,-389.5,Consumer Non-Durables,Apparel
180,CTU,81,393.15,996.25,2/13/2022,3/31/2021,603.1,Public Utilities,Telecommunications Equipment
181,OVID,6358,409.84,814.02,12/8/2022,8/10/2022,404.18,Health Care,Major Pharmaceuticals
182,CPAA,6332,945.46,566.31,7/25/2022,7/14/2022,-379.15,Finance,Business Services
183,UNXL,6846,201.56,339.91,9/25/2022,2/3/2022,138.35,Capital Goods,Industrial Machinery/Components
184,DFS^B,4967,799.2,612.07,9/8/2022,10/20/2021,-187.13,n/a,n/a
185,SSTK,850,468.25,764.68,11/13/2022,8/2/2022,296.43,Technology,EDP Services
186,JMF,6252,712.16,118.24,12/6/2022,6/11/2020,-593.92,n/a,n/a
187,UFPT,606,702.68,9.18,2/18/2022,5/12/2020,-693.5,Capital Goods,Containers/Packaging
188,AES^C.CL,7547,69.65,129.15,2/2/2021,9/18/2020,59.5,n/a,n/a
189,SBBC,5009,72.22,435.91,7/3/2020,9/4/2021,363.69,Transportation,Marine Transportation
190,GPP,8516,337.51,567.49,4/19/2021,4/21/2022,229.98,Basic Industries,Major Chemicals
191,GGB,5731,478.21,796.09,12/27/2020,8/14/2021,317.88,Capital Goods,Steel/Iron Ore
192,GFN,7435,362.47,389.47,6/15/2021,1/3/2020,27.0,Technology,Diversified Commercial Services
193,BWFG,3541,640.54,222.11,10/6/2021,7/22/2021,-418.43,Finance,Major Banks
194,VTRB,621,490.2,253.05,8/15/2020,12/22/2020,-237.15,Consumer Services,Real Estate Investment Trusts
195,NYLD,9793,753.12,507.85,1/8/2020,11/18/2022,-245.27,Public Utilities,Electric Utilities: Central
196,CSS,7553,106.02,537.33,9/14/2020,11/16/2022,431.31,Consumer Services,Consumer: Greeting Cards
197,MTH,5943,171.0,400.33,8/8/2020,3/23/2021,229.33,Capital Goods,Homebuilding
198,COG,2034,135.84,477.75,8/5/2022,7/10/2020,341.91,Energy,Oil & Gas Production
199,LMIA,7830,652.49,251.21,10/13/2022,4/8/2020,-401.28,Capital Goods,Military/Government/Technical
200,AXS^E,4348,456.15,526.93,10/17/2020,5/27/2022,70.78,n/a,n/a
201,GBLIZ,9534,489.04,212.41,3/3/2021,9/9/2020,-276.63,Finance,Property-Casualty Insurers
202,BASI,306,763.45,3.12,10/5/2022,12/22/2020,-760.33,Health Care,Biotechnology: Commercial Physical & Biological Resarch
203,CHSCM,3695,242.44,366.39,9/29/2021,11/1/2022,123.95,Consumer Services,Farming/Seeds/Milling
204,EMMS,1480,914.35,927.92,7/19/2021,6/21/2020,13.57,Consumer Services,Broadcasting
205,ADXS,692,393.44,359.16,12/15/2020,6/2/2021,-34.28,Health Care,Major Pharmaceuticals
206,PAHC,5687,774.38,556.78,10/30/2020,3/11/2022,-217.6,Health Care,Major Pharmaceuticals
207,DISCK,7376,727.19,832.97,4/26/2020,3/17/2021,105.78,Consumer Services,Television Services
208,CMCO,5115,408.24,233.85,2/9/2021,9/16/2022,-174.39,Capital Goods,Construction/Ag Equipment/Trucks
209,JLL,482,711.08,40.96,9/5/2022,8/5/2022,-670.12,Finance,Real Estate
210,IMDZ,6715,789.14,753.93,1/5/2022,9/18/2020,-35.21,Health Care,Major Pharmaceuticals
211,CUTR,4888,953.14,768.48,5/5/2020,9/30/2021,-184.66,Health Care,Biotechnology: Electromedical & Electrotherapeutic Apparatus
212,RILYZ,5112,884.72,854.24,7/21/2022,11/29/2022,-30.48,Miscellaneous,Business Services
213,CNHI,8424,566.63,28.49,6/13/2020,11/29/2020,-538.14,Capital Goods,Construction/Ag Equipment/Trucks
214,KAI,3049,103.64,921.82,10/20/2021,9/23/2022,818.18,Technology,Industrial Machinery/Components
215,CATO,5809,229.02,108.6,6/10/2022,11/12/2020,-120.42,Consumer Services,Clothing/Shoe/Accessory Stores
216,DFT^C,6169,23.65,633.69,10/1/2020,11/24/2021,610.04,n/a,n/a
217,MUE,8966,703.77,285.87,12/22/2022,12/11/2021,-417.9,n/a,n/a
218,HIE,8980,672.05,177.37,8/6/2021,7/15/2022,-494.68,n/a,n/a
219,CFBK,3484,565.78,976.91,3/11/2022,7/23/2020,411.13,Finance,Savings Institutions
220,ACGL,6082,818.49,962.44,4/10/2021,4/24/2022,143.95,Finance,Property-Casualty Insurers
221,RPT^D,9152,563.77,366.83,9/22/2022,5/1/2022,-196.94,n/a,n/a
222,TTOO,5963,160.27,537.22,2/11/2021,1/5/2021,376.95,Health Care,Medical/Dental Instruments
223,CALA,4501,454.19,416.26,9/18/2020,3/13/2020,-37.93,Health Care,Major Pharmaceuticals
224,FONR,7476,55.43,226.48,2/10/2020,2/9/2020,171.05,Health Care,Biotechnology: Electromedical & Electrotherapeutic Apparatus
225,CGNX,8170,852.15,822.48,1/23/2020,8/17/2020,-29.67,Capital Goods,Industrial Machinery/Components
226,UBS,6489,657.17,7.67,4/15/2021,3/23/2022,-649.5,Finance,Major Banks
227,NYV,2474,976.26,387.8,1/14/2022,9/9/2021,-588.46,n/a,n/a
228,VRX,6,54.3,328.0,4/19/2021,11/11/2020,273.7,Health Care,Major Pharmaceuticals
229,VALX,5118,963.44,37.81,6/19/2022,4/13/2020,-925.63,n/a,n/a
230,MIIIW,6709,317.31,20.19,5/2/2020,6/24/2022,-297.12,Finance,Business Services
231,COF^P,4895,576.94,393.96,7/21/2022,8/10/2021,-182.98,n/a,n/a
232,TPVZ,3472,26.11,816.96,8/14/2022,9/22/2021,790.85,n/a,n/a
233,VBF,1998,139.84,281.29,1/23/2021,6/1/2021,141.45,n/a,n/a
234,HRS,8713,44.91,193.75,4/9/2021,11/15/2021,148.84,Capital Goods,Industrial Machinery/Components
235,MHK,5862,798.74,460.08,4/22/2020,2/7/2021,-338.66,Consumer Durables,Home Furnishings
236,CNTY,6290,455.07,39.77,3/25/2022,2/1/2020,-415.3,Consumer Services,Hotels/Resorts
237,MGR,5451,638.46,901.76,8/28/2022,10/10/2022,263.3,Finance,Investment Managers
238,HLF,7721,676.12,273.85,2/12/2020,11/6/2021,-402.27,Health Care,Other Pharmaceuticals
239,TLYS,5598,95.58,817.05,2/7/2020,7/29/2020,721.47,Consumer Services,Clothing/Shoe/Accessory Stores
240,XBIO,5943,49.98,105.57,8/5/2022,11/21/2020,55.59,Health Care,Major Pharmaceuticals
241,OPHT,4019,425.11,507.09,11/6/2020,3/20/2021,81.98,Health Care,Major Pharmaceuticals
242,AMID,3936,474.35,725.57,5/18/2022,11/4/2022,251.22,Public Utilities,Natural Gas Distribution
243,TCCA,6125,727.93,705.73,2/20/2022,3/6/2022,-22.2,n/a,n/a
244,CPA,5181,468.89,559.34,6/11/2020,11/22/2021,90.45,Transportation,Air Freight/Delivery Services
245,EYES,2884,830.71,286.39,2/8/2022,11/25/2020,-544.32,n/a,n/a
246,MAS,4229,389.85,867.37,8/23/2020,12/18/2020,477.52,Basic Industries,Forest Products
247,CLNS^D,5548,499.85,334.01,12/11/2021,4/21/2021,-165.84,n/a,n/a
248,ORC,8267,208.23,322.42,6/21/2022,9/13/2021,114.19,Consumer Services,Real Estate Investment Trusts
249,MCN,7396,729.2,702.26,2/27/2022,4/23/2020,-26.94,n/a,n/a
250,AER,3067,963.8,883.27,8/3/2020,2/24/2022,-80.53,Technology,Diversified Commercial Services
251,RUSHB,3054,840.97,950.97,5/25/2021,10/8/2020,110.0,Consumer Durables,Automotive Aftermarket
252,PPSI,5073,538.9,441.99,2/18/2022,1/25/2022,-96.91,Consumer Durables,Electrical Products
253,DWLV,5678,963.94,740.6,3/5/2021,1/16/2020,-223.34,n/a,n/a
254,WRLD,3365,884.79,993.22,3/23/2022,4/4/2020,108.43,Finance,Finance: Consumer Services
255,EARN,3863,391.83,943.8,10/14/2022,3/15/2022,551.97,Consumer Services,Real Estate Investment Trusts
256,PCTY,8628,404.52,569.2,1/24/2020,2/1/2021,164.68,Technology,Computer Software: Prepackaged Software
257,PNK,8435,884.09,16.17,12/12/2022,10/8/2021,-867.92,Consumer Services,Hotels/Resorts
258,VNCE,1770,522.12,867.57,5/31/2022,12/1/2022,345.45,Consumer Services,Clothing/Shoe/Accessory Stores
259,LCII,5575,907.17,578.62,3/22/2020,11/5/2020,-328.55,n/a,n/a
260,UFI,3520,430.44,178.06,11/20/2021,3/14/2022,-252.38,Consumer Non-Durables,Textiles
261,MCI,9378,508.58,771.74,9/8/2022,8/23/2022,263.16,n/a,n/a
262,HLIT,6800,718.65,775.74,9/1/2022,7/11/2022,57.09,Technology,Radio And Television Broadcasting And Communications Equipment
263,NCB,4130,402.43,83.4,5/31/2021,11/5/2020,-319.03,n/a,n/a
264,KEYW,6879,833.28,964.17,8/20/2021,3/25/2021,130.89,Technology,EDP Services
265,HCN,928,986.8,336.81,5/25/2021,2/11/2020,-649.99,Consumer Services,Real Estate Investment Trusts
266,SIR,5187,116.79,469.11,3/31/2020,3/14/2022,352.32,Consumer Services,Real Estate Investment Trusts
267,TGS,5034,293.27,304.05,12/10/2021,9/5/2020,10.78,Public Utilities,Natural Gas Distribution
268,PRTY,7402,147.61,156.46,3/2/2022,3/4/2021,8.85,Consumer Services,Other Specialty Stores
269,ENVA,6664,558.69,64.02,2/6/2022,11/21/2022,-494.67,Finance,Finance: Consumer Services
270,NVO,533,752.38,217.02,8/7/2021,10/8/2021,-535.36,Health Care,Major Pharmaceuticals
271,PDCO,5030,846.75,707.07,8/18/2021,5/17/2020,-139.68,Health Care,Medical Specialities
272,MSF,2418,543.72,105.24,1/1/2021,7/17/2020,-438.48,n/a,n/a
273,VST,2636,534.7,577.78,2/6/2022,11/26/2020,43.08,Public Utilities,Electric Utilities: Central
274,HTBI,5300,890.89,382.67,8/13/2021,3/15/2021,-508.22,Finance,Savings Institutions
275,LAYN,9706,806.35,744.51,3/8/2021,11/30/2021,-61.84,Basic Industries,Engineering & Construction
276,DX^B,2318,923.72,78.18,4/4/2021,9/18/2021,-845.54,n/a,n/a
277,VJET,4685,146.79,776.87,12/1/2021,8/9/2021,630.08,Capital Goods,Industrial Machinery/Components
278,FLL,7526,320.05,58.12,7/30/2020,7/1/2020,-261.93,Consumer Services,Hotels/Resorts
279,CAMT,8212,53.11,134.93,4/28/2022,9/19/2022,81.82,Capital Goods,Electronic Components
280,AGYS,69,812.64,401.37,7/7/2021,12/26/2020,-411.27,Technology,EDP Services
281,BJZ,8582,826.98,985.28,8/19/2021,6/19/2020,158.3,n/a,n/a
282,TCBIL,4515,161.39,398.07,7/11/2021,10/23/2022,236.68,Finance,Major Banks
283,CBPX,9893,986.04,686.73,9/26/2021,6/3/2020,-299.31,Capital Goods,Building Materials
284,SRTS,9231,776.02,654.66,11/16/2022,4/25/2022,-121.36,Health Care,Medical/Dental Instruments
285,DMB,8300,889.96,663.4,8/19/2021,6/13/2021,-226.56,n/a,n/a
286,KF,6111,987.41,352.31,5/20/2020,9/4/2021,-635.1,n/a,n/a
287,WYNN,8270,528.76,347.7,7/20/2021,6/8/2022,-181.06,Consumer Services,Hotels/Resorts
288,CBOE,7475,874.65,537.24,4/6/2022,9/25/2020,-337.41,Finance,Investment Bankers/Brokers/Service
289,CTRP,6039,690.19,320.49,8/10/2021,9/17/2022,-369.7,Miscellaneous,Business Services
290,FSB,1379,124.57,417.51,1/29/2021,3/26/2020,292.94,Finance,Major Banks
291,SAB,3732,267.61,330.03,1/1/2022,11/12/2021,62.42,n/a,n/a
292,WDR,2280,41.58,282.51,6/12/2022,1/5/2020,240.93,Finance,Investment Bankers/Brokers/Service
293,TESO,3935,834.58,241.09,4/3/2020,8/20/2022,-593.49,Energy,Metal Fabrications
294,TIVO,738,434.93,231.87,7/12/2022,5/23/2021,-203.06,Miscellaneous,Multi-Sector Companies
295,BMRA,7678,754.94,588.42,3/25/2020,10/1/2021,-166.52,Health Care,Medical/Dental Instruments
296,EXPR,9796,9.23,921.81,4/19/2020,9/13/2022,912.58,Consumer Services,Clothing/Shoe/Accessory Stores
297,LUX,1043,38.85,578.46,9/7/2022,12/30/2022,539.61,Health Care,Ophthalmic Goods
298,PKE,9653,640.56,829.19,3/30/2022,12/3/2020,188.63,Technology,Electrical Products
299,IPCC,2302,935.54,505.91,8/21/2021,7/20/2021,-429.63,Finance,Property-Casualty Insurers
300,PPG,7848,723.07,695.85,8/26/2020,5/16/2022,-27.22,Basic Industries,Paints/Coatings
301,FALC,8085,661.78,141.31,5/26/2020,10/26/2020,-520.47,Technology,Computer Software: Prepackaged Software
302,BVSN,5848,813.99,827.03,7/17/2022,12/26/2022,13.04,Technology,Computer Software: Prepackaged Software
303,TCCB,8151,380.27,920.96,9/26/2022,1/6/2021,540.69,n/a,n/a
304,DERM,440,327.06,1.98,8/4/2022,8/17/2020,-325.08,Health Care,Major Pharmaceuticals
305,OKS,1893,349.7,60.25,10/15/2020,4/26/2021,-289.45,Public Utilities,Natural Gas Distribution
306,NHTC,5824,273.62,778.07,12/13/2022,6/13/2020,504.45,Consumer Durables,Consumer Specialties
307,ASPN,82,314.49,121.16,10/31/2022,4/22/2022,-193.33,Consumer Services,RETAIL: Building Materials
308,DIN,7816,680.27,281.32,7/12/2022,10/9/2020,-398.95,Consumer Services,Restaurants
309,PFD,4133,493.85,912.83,5/20/2022,5/15/2021,418.98,n/a,n/a
310,DKL,4942,944.64,836.33,8/14/2020,9/27/2020,-108.31,Energy,Natural Gas Distribution
311,CRTN,7364,150.94,681.88,4/10/2020,10/14/2022,530.94,Consumer Services,Professional Services
312,ATTU,8795,728.86,78.4,12/27/2020,11/23/2020,-650.46,Technology,Computer Software: Prepackaged Software
313,ARDX,2171,839.22,288.26,8/25/2022,11/30/2021,-550.96,Health Care,Major Pharmaceuticals
314,KNDI,1652,234.84,631.92,12/8/2022,7/7/2020,397.08,Capital Goods,Auto Manufacturing
315,SNAP,1350,766.64,4.4,12/18/2022,2/28/2020,-762.24,Technology,"Computer Software: Programming, Data Processing"
316,ENSG,1572,940.12,137.42,2/1/2020,4/17/2020,-802.7,Health Care,Hospital/Nursing Management
317,GPACU,4646,381.44,230.22,2/8/2022,1/9/2021,-151.22,Health Care,Hospital/Nursing Management
318,BSQR,2259,754.48,181.25,4/12/2022,8/7/2022,-573.23,Miscellaneous,Business Services
319,TRST,3249,279.42,792.76,7/14/2021,8/7/2020,513.34,Finance,Major Banks
320,OIBR.C,8424,728.37,251.24,8/9/2022,6/16/2021,-477.13,n/a,n/a
321,CBMG,8214,912.24,652.23,3/1/2022,7/2/2021,-260.01,Health Care,Biotechnology: Biological Products (No Diagnostic Substances)
322,ARR^B,8442,889.9,321.07,6/23/2022,11/15/2021,-568.83,n/a,n/a
323,TANH,2108,413.99,231.13,12/17/2022,3/21/2022,-182.86,Basic Industries,Major Chemicals
324,LKQ,2820,132.13,218.39,7/11/2020,7/4/2021,86.26,Consumer Services,Motor Vehicles
325,NVLN,9344,637.08,815.85,3/21/2020,5/16/2020,178.77,Health Care,Major Pharmaceuticals
326,PVTD,658,87.53,166.44,11/25/2022,3/30/2022,78.91,Finance,Major Banks
327,SB^B,4583,629.76,229.72,7/6/2021,8/12/2021,-400.04,n/a,n/a
328,ABB,8896,409.03,666.12,10/18/2020,11/25/2020,257.09,Consumer Durables,Electrical Products
329,MINDP,3584,422.18,302.62,4/5/2022,7/11/2021,-119.56,Technology,Diversified Commercial Services
330,PVH,7465,849.9,604.31,7/10/2022,8/1/2021,-245.59,Consumer Non-Durables,Apparel
331,BGX,9350,416.09,485.2,11/21/2020,4/12/2020,69.11,n/a,n/a
332,GWPH,4484,813.06,596.14,1/7/2022,12/3/2022,-216.92,Health Care,Major Pharmaceuticals
333,CYD,6366,764.05,893.32,2/25/2021,6/16/2020,129.27,Energy,Industrial Machinery/Components
334,CYAD,9420,272.22,462.42,3/2/2021,9/16/2022,190.2,Health Care,Major Pharmaceuticals
335,FSBK,9901,471.08,833.21,8/10/2022,11/3/2021,362.13,Finance,Major Banks
336,CEO,2916,88.01,768.98,8/26/2021,2/13/2021,680.97,Energy,Oil & Gas Production
337,IVTY,2657,424.51,822.34,7/22/2020,3/26/2020,397.83,Health Care,Medical/Dental Instruments
338,AYR,3359,987.84,383.09,4/28/2020,10/5/2022,-604.75,Technology,Diversified Commercial Services
339,RF^B,119,343.55,961.45,7/14/2020,1/2/2021,617.9,n/a,n/a
340,MRIN,3165,580.03,695.32,7/24/2020,5/20/2022,115.29,Technology,EDP Services
341,WRK,4420,67.71,368.18,3/6/2021,9/23/2022,300.47,Consumer Durables,Containers/Packaging
342,DNOW,3668,768.85,2.03,3/26/2020,8/5/2021,-766.82,Energy,Metal Fabrications
343,SIRI,1690,195.67,410.37,1/28/2022,3/16/2020,214.7,Consumer Services,Broadcasting
344,SANM,3417,680.2,263.28,6/3/2020,3/27/2022,-416.92,Technology,Electrical Products
345,JASO,9450,996.2,470.38,10/9/2020,9/7/2021,-525.82,Technology,Semiconductors
346,SYKE,3134,255.78,465.79,10/7/2022,5/18/2021,210.01,Technology,EDP Services
347,ALRM,894,922.85,564.54,5/15/2021,11/12/2021,-358.31,Technology,Computer Software: Prepackaged Software
348,AVNW,3863,810.06,779.55,3/24/2022,1/14/2021,-30.51,Technology,Radio And Television Broadcasting And Communications Equipment
349,SOHOM,802,572.79,287.25,12/28/2020,6/12/2021,-285.54,Consumer Services,Hotels/Resorts
350,OACQR,3065,473.69,743.56,9/15/2021,1/15/2020,269.87,Finance,Business Services
351,SBGI,1990,620.51,584.4,11/15/2022,11/12/2021,-36.11,Consumer Services,Broadcasting
352,CCIH,2353,949.49,992.07,3/17/2021,1/8/2021,42.58,Technology,EDP Services
353,AL,6436,682.29,940.74,7/16/2021,10/26/2022,258.45,Technology,Diversified Commercial Services
354,QSII,2148,341.9,647.28,10/29/2020,11/27/2022,305.38,Technology,EDP Services
355,CELH,896,961.24,794.23,6/21/2021,11/18/2020,-167.01,Consumer Non-Durables,Beverages (Production/Distribution)
356,BRC,2693,638.34,339.29,1/16/2022,7/3/2022,-299.05,Consumer Durables,Miscellaneous manufacturing industries
357,FCX,1298,810.55,422.22,6/13/2022,9/25/2020,-388.33,Basic Industries,Precious Metals
358,XCRA,939,57.86,679.41,7/13/2022,11/1/2022,621.55,Capital Goods,Electrical Products
359,SSW^D,9942,684.3,719.7,2/25/2022,12/1/2021,35.4,n/a,n/a
360,ICLR,4748,280.44,808.88,9/12/2020,11/14/2021,528.44,Health Care,Biotechnology: Commercial Physical & Biological Resarch
361,GAB^J,4889,962.96,120.46,12/30/2022,7/25/2021,-842.5,n/a,n/a
362,INSW,6725,216.68,373.83,12/9/2020,5/11/2021,157.15,Consumer Services,Marine Transportation
363,CXO,396,444.25,859.04,10/9/2020,11/20/2022,414.79,Energy,Oil & Gas Production
364,JPM^E,545,847.78,943.07,12/17/2022,2/25/2022,95.29,n/a,n/a
365,BMCH,1295,642.53,601.22,11/26/2022,2/13/2021,-41.31,Consumer Services,RETAIL: Building Materials
366,TKC,5801,968.96,12.54,2/18/2021,7/26/2021,-956.42,Public Utilities,Telecommunications Equipment
367,GHM,8339,283.07,224.62,3/11/2022,5/30/2020,-58.45,Technology,Industrial Machinery/Components
368,ITCI,1803,224.07,659.14,9/11/2021,8/21/2020,435.07,Health Care,Major Pharmaceuticals
369,UBCP,3497,112.76,932.81,3/18/2022,5/8/2022,820.05,Finance,Major Banks
370,NLS,7332,794.13,485.4,1/4/2021,12/5/2021,-308.73,Consumer Non-Durables,Recreational Products/Toys
371,FSBW,8537,446.14,581.41,8/4/2021,4/30/2021,135.27,Finance,Banks
372,CBD,2912,877.82,390.67,1/20/2021,12/31/2021,-487.15,Consumer Services,Food Chains
373,COF^D,540,118.5,589.15,9/22/2022,12/21/2022,470.65,n/a,n/a
374,TOCA,6965,115.21,736.66,9/24/2021,9/29/2022,621.45,Health Care,Major Pharmaceuticals
375,ARWR,4898,260.02,374.5,3/28/2022,4/26/2022,114.48,Health Care,Major Pharmaceuticals
376,OVBC,6976,612.91,533.52,4/5/2020,3/9/2020,-79.39,Finance,Major Banks
377,AIG,6800,548.74,417.25,3/1/2021,7/24/2020,-131.49,Finance,Property-Casualty Insurers
378,SSYS,2680,867.6,948.26,9/25/2021,8/19/2022,80.66,Technology,Computer peripheral equipment
379,HRTX,5468,675.0,904.71,4/12/2021,2/3/2021,229.71,Health Care,Major Pharmaceuticals
380,PFG,8456,356.25,55.29,4/3/2022,7/18/2021,-300.96,Finance,Accident &Health Insurance
381,PMT^A,7375,162.67,403.5,3/21/2020,1/14/2020,240.83,n/a,n/a
382,GSH,2188,357.17,739.62,11/19/2021,1/15/2022,382.45,Transportation,Railroads
383,DXJS,9382,892.22,221.71,10/27/2022,12/29/2021,-670.51,n/a,n/a
384,SNFCA,4082,380.54,623.6,1/3/2021,3/18/2022,243.06,Finance,Finance: Consumer Services
385,AXL,5457,483.77,804.49,9/8/2021,9/25/2021,320.72,Capital Goods,Auto Parts:O.E.M.
386,ALP^O,3764,201.56,591.73,10/21/2021,9/14/2021,390.17,Public Utilities,Electric Utilities: Central
387,C^L,6875,467.52,136.93,10/1/2020,3/17/2020,-330.59,n/a,n/a
388,PBIP,6574,364.06,97.23,9/24/2020,9/23/2021,-266.83,Finance,Banks
389,SAUC,1157,518.75,819.83,8/25/2020,3/20/2020,301.08,Consumer Services,Restaurants
390,AAT,208,514.81,125.69,2/1/2022,7/21/2021,-389.12,Consumer Services,Real Estate Investment Trusts
391,NL,1181,463.27,209.83,2/25/2020,12/15/2021,-253.44,Basic Industries,Major Chemicals
392,FEYE,4458,266.24,569.27,7/19/2021,12/24/2021,303.03,Technology,Computer peripheral equipment
393,Z,68,810.62,464.92,1/10/2022,5/8/2022,-345.7,Miscellaneous,Business Services
394,ATTU,7051,162.48,182.61,2/18/2020,5/31/2020,20.13,Technology,Computer Software: Prepackaged Software
395,PDLI,5366,268.82,673.58,6/2/2021,12/21/2021,404.76,Health Care,Biotechnology: Biological Products (No Diagnostic Substances)
396,VALU,8690,921.69,842.29,2/27/2021,1/2/2022,-79.4,Finance,Investment Managers
397,AUPH,6648,301.98,158.51,7/21/2021,9/23/2021,-143.47,Health Care,Major Pharmaceuticals
398,DHR,2799,104.13,529.9,3/21/2021,6/25/2022,425.77,Capital Goods,Industrial Machinery/Components
399,KIM^J,5284,771.92,90.87,9/23/2021,10/23/2021,-681.05,n/a,n/a
400,GNRT,4484,905.94,646.29,11/24/2022,7/28/2021,-259.65,Transportation,Marine Transportation
401,CP,1764,264.87,475.07,8/11/2022,10/25/2020,210.2,Transportation,Railroads
402,HZN,95,367.18,518.75,12/18/2020,10/4/2022,151.57,Capital Goods,Auto Parts:O.E.M.
403,CNMD,6259,850.14,623.64,5/21/2020,12/19/2022,-226.5,Health Care,Biotechnology: Electromedical & Electrotherapeutic Apparatus
404,CLRO,5052,592.24,486.81,4/19/2021,6/5/2021,-105.43,Public Utilities,Telecommunications Equipment
405,MCHI,5287,419.76,299.84,5/24/2020,1/23/2021,-119.92,n/a,n/a
406,WOOD,6168,990.55,381.59,9/3/2022,1/20/2021,-608.96,n/a,n/a
407,HAYN,6529,182.48,995.37,9/16/2022,1/14/2021,812.89,Capital Goods,Steel/Iron Ore
408,NFEC,580,69.8,775.7,6/6/2020,1/26/2020,705.9,Capital Goods,Metal Fabrications
409,IIF,6732,647.49,344.16,8/10/2022,2/7/2020,-303.33,n/a,n/a
410,LSXMK,3650,907.51,188.15,12/20/2021,6/16/2020,-719.36,Consumer Services,Broadcasting
411,LL,3868,530.19,185.72,10/20/2020,3/14/2020,-344.47,Consumer Services,RETAIL: Building Materials
412,AXTI,3137,893.34,368.29,9/14/2022,1/1/2021,-525.05,Technology,Semiconductors
413,ITIC,4621,56.94,445.22,3/28/2021,8/21/2021,388.28,Finance,Specialty Insurers
414,BIF,8672,237.82,657.22,2/8/2020,3/2/2020,419.4,n/a,n/a
415,TLLP,6718,454.0,538.06,12/24/2020,4/6/2020,84.06,Energy,Natural Gas Distribution
416,NEE^H,304,558.12,351.36,11/23/2021,8/13/2021,-206.76,n/a,n/a
417,LNN,7426,289.8,37.26,6/13/2020,4/3/2022,-252.54,Capital Goods,Industrial Machinery/Components
418,ADI,7882,146.51,693.91,5/8/2021,2/29/2020,547.4,Technology,Semiconductors
419,PFMT,8600,261.0,666.35,10/25/2022,5/24/2022,405.35,Consumer Services,Other Consumer Services
420,AFGE,5522,392.38,246.1,9/10/2022,1/13/2020,-146.28,Finance,Property-Casualty Insurers
421,GENE,5180,568.86,399.96,3/7/2020,6/27/2020,-168.9,Health Care,Biotechnology: Biological Products (No Diagnostic Substances)
422,GNE,2306,679.54,645.36,1/29/2020,3/8/2021,-34.18,Public Utilities,Power Generation
423,JHS,5164,20.66,950.14,9/11/2020,7/20/2020,929.48,n/a,n/a
424,CHA,9133,657.25,253.58,6/19/2021,12/30/2021,-403.67,Public Utilities,Telecommunications Equipment
425,TYG,2878,436.81,19.77,7/27/2020,8/10/2022,-417.04,n/a,n/a
426,MX,6375,555.75,227.15,2/17/2021,6/20/2022,-328.6,Technology,Semiconductors
427,MSBI,9747,735.99,62.69,5/22/2022,2/15/2021,-673.3,Finance,Major Banks
428,VNOM,1510,746.41,545.11,7/16/2021,9/14/2022,-201.3,Energy,Oil & Gas Production
429,SNCR,7423,101.96,779.9,7/10/2022,6/23/2020,677.94,Technology,EDP Services
430,MDSO,5154,151.84,428.22,12/8/2021,3/19/2020,276.38,Technology,Computer Software: Prepackaged Software
431,BIOA,1405,821.41,809.89,4/28/2021,12/13/2020,-11.52,Basic Industries,Major Chemicals
432,CRBP,286,883.77,522.07,4/28/2021,7/24/2021,-361.7,Health Care,Major Pharmaceuticals
433,PN,3191,963.35,543.2,9/3/2022,2/9/2021,-420.15,Finance,Specialty Insurers
434,ESBK,3376,84.44,335.61,10/4/2021,10/18/2021,251.17,Finance,Major Banks
435,CARO,6052,523.72,142.4,5/9/2020,10/4/2022,-381.32,Finance,Major Banks
436,AAC,4977,65.91,380.85,9/18/2020,2/1/2020,314.94,Health Care,Medical Specialities
437,STX,3479,773.82,480.66,9/19/2020,6/22/2020,-293.16,Technology,Electronic Components
438,NYCB,6580,529.06,664.8,10/15/2020,4/21/2022,135.74,Finance,Banks
439,WHF,8189,824.19,997.91,6/20/2022,3/23/2021,173.72,n/a,n/a
440,PBSK,8422,297.62,454.88,9/9/2020,7/6/2020,157.26,Finance,Savings Institutions
441,IGA,3515,467.62,424.33,6/7/2022,11/13/2022,-43.29,n/a,n/a
442,ENSG,5659,784.33,816.55,1/6/2022,9/7/2020,32.22,Health Care,Hospital/Nursing Management
443,CLSN,3365,375.53,63.52,10/11/2022,10/10/2022,-312.01,Health Care,Major Pharmaceuticals
444,AHPI,3572,699.4,581.63,2/6/2022,9/14/2020,-117.77,Health Care,Industrial Specialties
445,HSY,1611,180.19,312.96,5/6/2021,12/25/2021,132.77,Consumer Non-Durables,Specialty Foods
446,NUROW,2176,420.74,345.91,12/22/2020,10/1/2022,-74.83,Health Care,Medical/Dental Instruments
447,DGX,7306,361.27,276.41,10/21/2022,2/6/2021,-84.86,Health Care,Medical Specialities
448,STDY,8843,232.34,4.78,2/2/2021,2/3/2021,-227.56,Health Care,Major Pharmaceuticals
449,TDIV,2066,24.58,605.65,3/4/2020,9/6/2022,581.07,n/a,n/a
450,ARWR,2065,430.7,903.16,3/26/2021,11/26/2021,472.46,Health Care,Major Pharmaceuticals
451,LUK,9104,206.35,320.28,8/29/2021,3/27/2020,113.93,Consumer Non-Durables,Meat/Poultry/Fish
452,SSRI,5996,859.98,311.93,10/5/2021,1/14/2021,-548.05,Basic Industries,Precious Metals
453,NXST,4039,679.34,293.46,10/9/2022,6/3/2021,-385.88,Consumer Services,Broadcasting
454,NKSH,3508,570.1,196.8,1/4/2020,3/24/2021,-373.3,Finance,Major Banks
455,MSBI,9735,198.16,706.92,2/25/2022,2/1/2022,508.76,Finance,Major Banks
456,IFMK,7326,163.3,692.04,6/6/2020,12/14/2020,528.74,Consumer Services,Food Chains
457,BCOR,8368,148.68,483.52,2/10/2021,9/20/2020,334.84,Technology,EDP Services
458,DMRC,5532,530.46,358.46,8/15/2021,12/16/2022,-172.0,Technology,EDP Services
459,ULTA,9896,707.16,409.03,3/27/2020,1/13/2020,-298.13,Consumer Services,Other Specialty Stores
460,BSPM,2251,129.3,300.75,10/1/2020,7/19/2020,171.45,Health Care,Major Pharmaceuticals
461,RSPP,1417,577.12,928.83,10/29/2021,10/22/2020,351.71,Energy,Oil & Gas Production
462,APA,2151,766.92,778.43,1/18/2020,10/16/2022,11.51,Energy,Oil & Gas Production
463,EYES,9998,300.28,898.71,12/20/2022,2/4/2022,598.43,n/a,n/a
464,OCRX,4601,697.56,845.46,9/25/2021,3/28/2022,147.9,Health Care,Major Pharmaceuticals
465,PBA,1730,526.07,762.28,5/26/2022,8/21/2022,236.21,Energy,Oil & Gas Production
466,FIXD,5326,94.86,605.6,3/27/2020,4/10/2020,510.74,n/a,n/a
467,ANGO,4794,766.29,402.78,10/8/2021,1/10/2022,-363.51,Health Care,Medical/Dental Instruments
468,GPIAU,9865,751.37,269.08,12/11/2020,1/27/2020,-482.29,Consumer Durables,Home Furnishings
469,SPWR,1977,436.03,628.94,6/8/2021,5/17/2022,192.91,Technology,Semiconductors
470,MET,2231,210.25,662.3,3/14/2022,12/10/2020,452.05,Finance,Life Insurance
471,GNMX,6268,230.2,898.41,10/15/2022,9/30/2021,668.21,Health Care,Biotechnology: Biological Products (No Diagnostic Substances)
472,INFY,7752,382.64,290.31,1/7/2020,4/15/2020,-92.33,Technology,EDP Services
473,TTNP,9409,179.8,16.7,10/14/2021,10/29/2022,-163.1,Health Care,Biotechnology: Biological Products (No Diagnostic Substances)
474,PYN,5415,79.14,175.87,11/1/2020,4/24/2021,96.73,n/a,n/a
475,EXAS,6423,233.56,239.67,10/26/2021,1/22/2020,6.11,Health Care,Biotechnology: Commercial Physical & Biological Resarch
476,LII,5428,669.83,492.87,10/21/2021,2/21/2022,-176.96,Capital Goods,Industrial Machinery/Components
477,CSOD,3450,360.22,699.42,8/4/2020,4/9/2022,339.2,Technology,Computer Software: Prepackaged Software
478,STK,7829,763.56,193.61,12/13/2020,9/26/2021,-569.95,n/a,n/a
479,MYOS,8438,19.35,323.81,5/3/2022,7/20/2020,304.46,Health Care,Major Pharmaceuticals
480,CIVBP,4991,680.34,529.07,4/23/2022,10/10/2021,-151.27,Finance,Major Banks
481,CCCL,7576,266.37,143.68,7/25/2020,3/22/2020,-122.69,Capital Goods,Building Materials
482,OCIP,1764,20.62,253.05,6/7/2022,11/27/2022,232.43,Basic Industries,Major Chemicals
483,PIH,596,511.03,346.84,3/17/2021,6/23/2022,-164.19,Finance,Property-Casualty Insurers
484,JMT,3711,843.64,837.62,8/17/2020,9/12/2021,-6.02,n/a,n/a
485,JAG,8316,888.54,548.62,5/12/2020,3/3/2022,-339.92,Energy,Oil & Gas Production
486,TSRO,5228,965.12,320.02,6/29/2021,9/25/2020,-645.1,Health Care,Major Pharmaceuticals
487,HBHCL,762,912.61,980.52,12/24/2020,3/9/2021,67.91,Finance,Major Banks
488,TVPT,1363,116.21,297.13,1/10/2022,6/25/2021,180.92,Consumer Services,Transportation Services
489,CPIX,6047,228.45,786.19,2/7/2022,3/23/2022,557.74,Health Care,Major Pharmaceuticals
490,AFST,8178,760.84,264.51,4/20/2021,2/5/2022,-496.33,Finance,Property-Casualty Insurers
491,DLTH,780,510.39,61.27,11/27/2022,2/5/2020,-449.12,Consumer Services,Clothing/Shoe/Accessory Stores
492,WFM,4575,447.86,711.92,10/16/2022,12/8/2022,264.06,Consumer Services,Food Chains
493,DCO,3878,368.01,924.96,5/26/2020,4/2/2022,556.95,Capital Goods,Military/Government/Technical
494,TZOO,7810,597.37,500.24,10/2/2022,9/15/2020,-97.13,Technology,EDP Services
495,GEOS,9278,657.1,850.69,7/17/2021,11/29/2021,193.59,Capital Goods,Industrial Machinery/Components
496,AEGN,9898,795.91,472.06,10/18/2020,2/16/2020,-323.85,Basic Industries,Water Supply
497,WSFSL,2442,251.77,552.31,1/26/2020,8/6/2020,300.54,Finance,Major Banks
498,BDN,2277,217.55,898.1,10/20/2022,6/28/2021,680.55,Consumer Services,Real Estate Investment Trusts
499,TARO,6475,209.29,772.63,6/10/2022,5/18/2021,563.34,Health Care,Major Pharmaceuticals
500,RPD,1935,242.61,143.53,5/18/2020,2/25/2022,-99.08,Technology,Computer Software: Prepackaged Software
501,EAGLW,8310,788.31,468.92,7/9/2022,1/19/2022,-319.39,Finance,Business Services
502,MRAM,9311,820.27,689.18,11/26/2021,5/6/2021,-131.09,Technology,Semiconductors
503,ASRVP,4108,576.86,660.96,8/12/2022,6/15/2022,84.1,Finance,Major Banks
504,XBIT,9131,20.6,873.41,9/20/2021,7/23/2020,852.81,Health Care,Major Pharmaceuticals
505,TWO,7243,0.34,163.56,12/6/2020,3/4/2020,163.22,Consumer Services,Real Estate Investment Trusts
506,VTHR,2253,193.34,176.75,3/26/2020,4/23/2022,-16.59,n/a,n/a
507,FSBK,9000,34.23,215.45,4/23/2020,11/27/2022,181.22,Finance,Major Banks
508,JBT,3928,526.09,170.11,12/30/2022,11/22/2022,-355.98,Technology,Industrial Machinery/Components
509,SJR,5081,510.98,465.21,3/10/2020,6/7/2020,-45.77,Consumer Services,Television Services
510,BMRN,2653,482.44,338.87,3/28/2020,11/5/2021,-143.57,Health Care,Major Pharmaceuticals
511,GS^B,2782,935.72,230.23,8/12/2022,10/31/2021,-705.49,n/a,n/a
512,MT,8957,627.13,856.98,10/17/2020,7/6/2020,229.85,Basic Industries,Steel/Iron Ore
513,ZNWAA,4009,601.97,424.03,3/15/2022,11/5/2022,-177.94,Energy,Oil & Gas Production
514,DWAT,132,331.21,354.9,2/21/2022,10/2/2020,23.69,n/a,n/a
515,SNX,6096,51.47,331.36,9/6/2022,12/18/2020,279.89,Technology,Retail: Computer Software & Peripheral Equipment
516,K,2902,58.01,106.17,5/16/2020,9/19/2020,48.16,Consumer Non-Durables,Packaged Foods
517,KAMN,3734,603.37,496.47,5/11/2022,1/5/2020,-106.9,Consumer Durables,Industrial Specialties
518,ELSE,8900,154.43,626.09,12/1/2021,4/10/2021,471.66,Capital Goods,Industrial Machinery/Components
519,AXS^E,5446,292.76,315.96,6/11/2021,9/6/2021,23.2,n/a,n/a
520,CAC,5861,501.46,643.66,2/20/2020,5/11/2020,142.2,Finance,Major Banks
521,CBI,8987,75.66,219.4,8/16/2022,6/7/2021,143.74,Basic Industries,Engineering & Construction
522,MCX,5140,737.22,29.67,11/24/2021,9/14/2020,-707.55,n/a,n/a
523,TRIP,4154,285.79,157.37,5/27/2021,3/22/2021,-128.42,Technology,"Computer Software: Programming, Data Processing"
524,SMCI,2778,367.93,576.39,12/14/2020,1/13/2020,208.46,Technology,Computer Manufacturing
525,OKSB,7156,749.94,959.82,4/26/2022,10/9/2020,209.88,Finance,Major Banks
526,NEWR,3417,430.09,182.43,7/28/2021,7/23/2020,-247.66,Technology,Computer Software: Prepackaged Software
527,TCON,5957,399.18,130.19,4/4/2022,6/4/2022,-268.99,Health Care,Biotechnology: Biological Products (No Diagnostic Substances)
528,FMK,2743,515.81,556.82,10/24/2020,2/8/2021,41.01,n/a,n/a
529,PYPL,378,339.62,934.4,2/28/2022,10/19/2022,594.78,Miscellaneous,Business Services
530,CASS,8305,524.18,905.78,3/3/2021,1/4/2020,381.6,Miscellaneous,Business Services
531,UHAL,2773,820.18,475.98,12/10/2022,6/17/2020,-344.2,Consumer Services,Rental/Leasing Companies
532,FWRD,9443,363.03,391.96,3/4/2021,4/13/2022,28.93,Transportation,Oil Refining/Marketing
533,COTY,6994,196.54,29.83,6/5/2021,4/16/2020,-166.71,Consumer Non-Durables,Package Goods/Cosmetics
534,BATRA,7308,320.09,693.47,12/11/2021,3/2/2021,373.38,Consumer Services,Broadcasting
535,FNBG,623,389.25,904.4,3/31/2022,12/29/2022,515.15,Finance,Major Banks
536,ICE,6846,993.05,748.32,11/16/2021,12/13/2021,-244.73,Finance,Investment Bankers/Brokers/Service
537,SUP,2374,639.26,149.94,3/21/2022,11/9/2021,-489.32,Capital Goods,Auto Parts:O.E.M.
538,TMST,9019,106.99,200.19,3/29/2020,11/6/2020,93.2,Basic Industries,Steel/Iron Ore
539,LMAT,6038,730.79,289.33,8/24/2022,7/24/2022,-441.46,Health Care,Medical/Dental Instruments
540,ARCC,437,10.48,952.16,1/23/2020,8/9/2022,941.68,n/a,n/a
541,TKR,3227,55.93,952.98,8/12/2021,1/3/2022,897.05,Capital Goods,Metal Fabrications
542,CASS,5427,238.92,195.21,6/19/2020,12/4/2021,-43.71,Miscellaneous,Business Services
543,WNC,3849,398.63,302.18,1/7/2020,9/1/2022,-96.45,Capital Goods,Construction/Ag Equipment/Trucks
544,GLAD,5402,522.24,53.44,12/13/2020,6/13/2022,-468.8,n/a,n/a
545,PSB^T,2795,325.72,898.23,1/6/2022,4/1/2021,572.51,n/a,n/a
546,GNUS,7192,957.56,794.13,11/22/2022,3/27/2021,-163.43,Consumer Services,Movies/Entertainment
547,PMTS,8598,501.59,809.38,3/7/2022,7/18/2020,307.79,Finance,Finance Companies
548,GGG,7619,315.32,724.74,4/24/2021,11/17/2020,409.42,Capital Goods,Fluid Controls
549,CHSCP,922,553.13,427.71,3/18/2020,12/20/2020,-125.42,Consumer Services,Farming/Seeds/Milling
550,MUJ,4717,483.13,158.8,12/22/2020,4/30/2020,-324.33,n/a,n/a
551,VICR,2476,987.26,506.07,2/2/2021,3/30/2020,-481.19,Capital Goods,Industrial Machinery/Components
552,ANH^A,3545,666.0,36.89,9/28/2022,7/16/2020,-629.11,n/a,n/a
553,LNT,2477,870.44,952.46,11/23/2021,2/1/2020,82.02,Public Utilities,Power Generation
554,CAAS,5991,389.43,266.19,2/24/2020,9/15/2022,-123.24,Capital Goods,Auto Parts:O.E.M.
555,CARA,9998,187.42,212.15,2/9/2021,10/16/2020,24.73,Health Care,Major Pharmaceuticals
556,IFEU,589,180.41,700.13,3/11/2020,12/24/2021,519.72,n/a,n/a
557,RGLS,3851,826.81,749.58,12/2/2020,5/10/2020,-77.23,Health Care,Major Pharmaceuticals
558,BLUE,2472,384.41,780.03,2/28/2021,11/28/2020,395.62,Health Care,Biotechnology: Biological Products (No Diagnostic Substances)
559,INVA,2162,505.93,432.09,9/9/2020,8/19/2020,-73.84,Health Care,Major Pharmaceuticals
560,CDOR,5237,880.06,27.78,11/7/2021,1/29/2020,-852.28,Consumer Services,Real Estate Investment Trusts
561,GRAM,2436,635.09,574.96,5/13/2021,5/6/2021,-60.13,Basic Industries,Military/Government/Technical
562,LION,2022,739.93,177.81,2/11/2020,7/13/2020,-562.12,Finance,Major Banks
563,JGH,9629,821.26,263.43,1/26/2022,7/12/2021,-557.83,n/a,n/a
564,SF^A,8603,836.3,503.75,2/7/2020,11/14/2020,-332.55,Finance,Investment Bankers/Brokers/Service
565,RRC,5215,753.66,262.73,8/20/2020,4/20/2021,-490.93,Energy,Oil & Gas Production
566,BJRI,6779,145.53,708.74,8/8/2020,2/26/2020,563.21,Consumer Services,Restaurants
567,GPT,6949,97.92,430.23,10/2/2021,1/22/2021,332.31,Consumer Services,Real Estate Investment Trusts
568,LXRX,4601,858.68,924.54,9/26/2021,11/5/2020,65.86,Health Care,Major Pharmaceuticals
569,MARPS,1810,372.34,26.67,6/29/2021,12/12/2020,-345.67,Energy,Oil & Gas Production
570,VIDI,7550,245.98,54.22,4/14/2021,2/26/2022,-191.76,n/a,n/a
571,BEAT,5772,888.45,651.81,3/23/2022,11/18/2021,-236.64,Health Care,Medical Specialities
572,SM,695,786.9,305.82,7/14/2021,7/19/2022,-481.08,Energy,Oil & Gas Production
573,SJM,8600,885.09,588.68,9/15/2022,8/20/2022,-296.41,Consumer Non-Durables,Packaged Foods
574,NWL,9872,606.49,572.76,8/6/2022,7/17/2021,-33.73,Consumer Non-Durables,Plastic Products
575,DRH,3488,565.28,805.4,5/15/2021,4/28/2021,240.12,Consumer Services,Real Estate Investment Trusts
576,REXR,8971,59.4,831.92,1/25/2020,6/16/2020,772.52,Consumer Services,Real Estate Investment Trusts
577,DAN,4214,44.74,484.26,11/20/2022,11/11/2022,439.52,Capital Goods,Auto Parts:O.E.M.
578,CGNT,9608,350.34,900.94,7/16/2020,9/4/2021,550.6,Health Care,Biotechnology: Electromedical & Electrotherapeutic Apparatus
579,ORPN,1925,114.24,301.2,1/2/2022,12/22/2021,186.96,Health Care,Major Pharmaceuticals
580,SIGM,3948,494.2,601.27,5/24/2020,2/7/2022,107.07,Technology,Semiconductors
581,NSEC,528,263.86,639.31,1/24/2020,2/19/2021,375.45,Finance,Life Insurance
582,ACSF,8541,314.23,113.04,7/6/2022,4/22/2020,-201.19,n/a,n/a
583,MYOK,7324,323.05,798.75,11/17/2020,2/15/2021,475.7,Health Care,Major Pharmaceuticals
584,GM,2878,142.78,995.63,4/25/2020,9/27/2020,852.85,Capital Goods,Auto Manufacturing
585,CTSH,8208,521.59,647.63,11/10/2022,8/26/2021,126.04,Technology,EDP Services
586,CZWI,9292,830.12,298.83,8/16/2021,6/10/2020,-531.29,Finance,Savings Institutions
587,RAS^A,6374,120.58,956.71,6/16/2022,8/4/2020,836.13,n/a,n/a
588,OCUL,7002,938.63,478.29,3/5/2022,11/21/2020,-460.34,Health Care,Major Pharmaceuticals
589,FELE,5151,512.8,220.5,10/29/2022,10/5/2021,-292.3,Consumer Durables,Metal Fabrications
590,APTS,6251,917.57,876.94,10/26/2020,5/12/2020,-40.63,Consumer Services,Real Estate Investment Trusts
591,TCF^C,7984,74.32,159.5,9/19/2021,2/20/2022,85.18,n/a,n/a
592,KB,4203,550.84,499.22,12/8/2021,7/11/2021,-51.62,Finance,Commercial Banks
593,KVHI,3705,84.13,432.13,1/24/2022,4/9/2020,348.0,Technology,Radio And Television Broadcasting And Communications Equipment
594,ENLC,9300,611.48,54.89,7/3/2021,4/15/2022,-556.59,Public Utilities,Natural Gas Distribution
595,HEP,8596,62.35,813.28,1/22/2022,11/30/2020,750.93,Energy,Natural Gas Distribution
596,AES^C.CL,3604,721.71,488.54,6/7/2022,12/25/2022,-233.17,n/a,n/a
597,TIVO,4170,535.82,763.16,4/2/2022,11/10/2021,227.34,Miscellaneous,Multi-Sector Companies
598,XOMA,4305,733.03,850.46,10/3/2021,11/19/2021,117.43,Health Care,Major Pharmaceuticals
599,RAS^A,14,586.76,196.66,10/20/2021,12/26/2022,-390.1,n/a,n/a
600,AIT,7620,168.15,595.76,4/16/2020,2/12/2021,427.61,Consumer Durables,Industrial Specialties
601,MUA,143,905.9,918.44,1/27/2022,12/14/2022,12.54,n/a,n/a
602,FANH,6489,415.07,919.06,1/16/2021,11/13/2020,503.99,Finance,Specialty Insurers
603,MYJ,2867,355.63,160.46,7/23/2022,11/23/2022,-195.17,n/a,n/a
604,BFZ,5309,350.63,428.43,9/7/2020,2/18/2020,77.8,n/a,n/a
605,JDD,9551,241.96,535.2,7/12/2020,8/12/2022,293.24,n/a,n/a
606,FONE,3442,499.36,559.35,7/5/2021,9/12/2021,59.99,n/a,n/a
607,MIME,5820,390.18,830.24,12/29/2020,1/23/2021,440.06,Technology,Computer Software: Prepackaged Software
608,OMI,537,257.65,8.94,8/19/2022,5/20/2020,-248.71,Health Care,Medical Specialities
609,LUB,3577,41.98,225.14,7/5/2021,9/18/2022,183.16,Consumer Services,Restaurants
610,AGO,7224,225.26,400.96,1/30/2021,11/15/2021,175.7,Finance,Property-Casualty Insurers
611,CBRL,6944,419.46,222.14,5/6/2020,2/18/2020,-197.32,Consumer Services,Restaurants
612,THG,1744,950.19,439.01,6/20/2021,2/20/2022,-511.18,Finance,Property-Casualty Insurers
613,IDRA,5157,714.01,376.72,1/7/2022,1/19/2020,-337.29,Health Care,Biotechnology: Biological Products (No Diagnostic Substances)
614,ETM,3644,663.21,543.05,3/3/2021,4/28/2021,-120.16,Consumer Services,Broadcasting
615,FDTS,7287,22.41,451.93,7/27/2022,11/5/2021,429.52,n/a,n/a
616,CFBI,8795,739.01,140.44,1/12/2020,5/17/2020,-598.57,n/a,n/a
617,SNE,5748,416.49,547.05,10/2/2021,10/3/2021,130.56,Consumer Non-Durables,Consumer Electronics/Appliances
618,AOS,6778,801.09,333.96,3/27/2021,6/13/2020,-467.13,Consumer Durables,Consumer Electronics/Appliances
619,NDRA,6879,588.78,18.19,12/2/2022,2/13/2020,-570.59,n/a,n/a
620,EDU,9020,512.35,24.46,2/3/2022,1/31/2021,-487.89,Consumer Services,Other Consumer Services
621,CIM,7224,108.08,808.35,5/3/2022,4/5/2022,700.27,Consumer Services,Real Estate Investment Trusts
622,BCEI,9348,334.85,447.06,12/11/2022,9/22/2022,112.21,Energy,Oil & Gas Production
623,CLNS^G,3562,362.68,30.57,12/7/2020,2/16/2021,-332.11,n/a,n/a
624,CSTR,3506,991.0,250.49,10/3/2020,4/12/2021,-740.51,Finance,Major Banks
625,DBL,9357,718.42,639.34,1/30/2020,10/30/2020,-79.08,n/a,n/a
626,HK,7244,692.89,355.54,11/28/2020,12/20/2022,-337.35,Energy,Oil & Gas Production
627,FCEL,2608,521.34,239.82,6/21/2022,7/22/2022,-281.52,Miscellaneous,Industrial Machinery/Components
628,XBIT,2685,5.73,39.8,3/14/2021,9/7/2022,34.07,Health Care,Major Pharmaceuticals
629,MMAC,5279,174.58,352.93,10/19/2021,8/2/2020,178.35,Finance,Real Estate
630,QPACW,721,50.69,616.1,10/1/2022,7/4/2022,565.41,Miscellaneous,Business Services
631,WMK,3140,326.79,206.27,5/9/2020,2/2/2022,-120.52,Consumer Services,Food Chains
632,GCP,7687,476.4,458.58,12/16/2022,11/3/2020,-17.82,Basic Industries,Major Chemicals
633,FOX,3083,144.14,779.53,10/29/2021,3/9/2021,635.39,Consumer Services,Television Services
634,LPT,333,815.1,195.83,7/19/2020,10/6/2022,-619.27,Consumer Services,Real Estate Investment Trusts
635,AWK,5182,417.41,134.37,10/23/2022,10/23/2021,-283.04,Public Utilities,Water Supply
636,FINX,5123,66.56,302.18,8/10/2020,10/12/2022,235.62,n/a,n/a
637,KANG,699,203.92,408.81,1/17/2022,3/29/2020,204.89,Health Care,Medical/Nursing Services
638,DOOR,1899,2.43,991.29,4/18/2021,2/7/2021,988.86,Basic Industries,Forest Products
639,ONSIZ,4221,353.79,818.73,1/9/2020,11/9/2022,464.94,Health Care,Biotechnology: Biological Products (No Diagnostic Substances)
640,NTRI,4950,421.97,563.69,4/26/2021,10/17/2022,141.72,Consumer Services,Catalog/Specialty Distribution
641,SPG,8285,988.76,273.09,6/21/2021,11/14/2020,-715.67,Consumer Services,Real Estate Investment Trusts
642,AXTA,6391,949.19,170.29,9/12/2022,12/25/2020,-778.9,Basic Industries,Paints/Coatings
643,LYB,9351,259.68,160.61,3/24/2020,11/1/2021,-99.07,Basic Industries,Major Chemicals
644,LION,8397,283.7,667.9,7/1/2020,12/30/2021,384.2,Finance,Major Banks
645,NEU,4995,93.49,731.97,1/12/2021,5/9/2022,638.48,Basic Industries,Major Chemicals
646,SCI,1506,80.6,845.68,9/6/2021,7/31/2021,765.08,Consumer Services,Other Consumer Services
647,DFT^C,5603,602.3,353.21,7/14/2022,10/28/2020,-249.09,n/a,n/a
648,HRZN,8118,961.91,829.1,6/2/2021,11/19/2022,-132.81,n/a,n/a
649,TRHC,7545,861.83,595.8,7/11/2021,1/31/2022,-266.03,Miscellaneous,Business Services
650,GOVNI,6710,379.33,377.65,9/28/2020,10/9/2020,-1.68,Finance,Real Estate
651,UONEK,7591,352.13,80.97,5/3/2022,6/11/2020,-271.16,Consumer Services,Broadcasting
652,NTCT,3813,731.91,157.78,4/20/2022,7/2/2020,-574.13,Technology,EDP Services
653,SNSR,8212,455.82,850.89,10/15/2020,7/18/2020,395.07,n/a,n/a
654,MGP,4510,674.53,978.02,10/23/2022,9/17/2021,303.49,Consumer Services,Real Estate Investment Trusts
655,ACRE,8334,553.27,395.03,4/19/2020,11/13/2021,-158.24,Consumer Services,Real Estate Investment Trusts
656,SPG^J,5897,120.62,397.75,7/15/2021,11/14/2021,277.13,n/a,n/a
657,BAP,6177,846.71,722.12,9/20/2020,7/27/2022,-124.59,Finance,Commercial Banks
658,VRS,3613,841.57,706.35,6/24/2021,2/7/2021,-135.22,Basic Industries,Paper
659,DS^C,7085,461.09,683.72,7/2/2020,6/14/2020,222.63,n/a,n/a
660,PNTR,1020,769.45,516.02,9/28/2020,1/19/2021,-253.43,Technology,Radio And Television Broadcasting And Communications Equipment
661,EGAN,4815,162.32,54.42,6/7/2020,12/17/2020,-107.9,Technology,Computer Software: Prepackaged Software
662,ACP,2658,678.01,597.31,4/29/2022,4/25/2020,-80.7,n/a,n/a
663,PDLI,9491,354.88,174.97,3/22/2022,9/1/2021,-179.91,Health Care,Biotechnology: Biological Products (No Diagnostic Substances)
664,HYH,5763,977.12,829.04,5/21/2022,9/12/2020,-148.08,Health Care,Industrial Specialties
665,ABBV,2857,684.93,43.08,3/2/2021,6/18/2020,-641.85,Health Care,Major Pharmaceuticals
666,CXE,2812,796.56,494.8,5/10/2022,6/12/2020,-301.76,n/a,n/a
667,DFFN,4021,146.64,622.02,1/11/2022,5/31/2022,475.38,Health Care,Major Pharmaceuticals
668,CDZI,549,68.5,504.56,9/16/2022,12/8/2021,436.06,Public Utilities,Water Supply
669,SAEX,1460,880.24,803.01,3/4/2021,9/26/2020,-77.23,Energy,Oil & Gas Production
670,VSEC,2388,539.95,415.34,2/13/2021,10/11/2020,-124.61,Consumer Services,Military/Government/Technical
671,SBNB,1380,396.23,990.79,12/11/2020,1/16/2021,594.56,Transportation,Marine Transportation
672,UEIC,6656,731.14,304.35,6/12/2021,5/30/2020,-426.79,Consumer Non-Durables,Consumer Electronics/Appliances
673,FGL,658,130.32,623.89,3/30/2022,11/12/2021,493.57,Finance,Life Insurance
674,TRGP,4672,807.99,626.17,2/13/2021,5/21/2021,-181.82,Public Utilities,Natural Gas Distribution
675,GSUM,6125,553.79,461.28,6/12/2020,1/9/2020,-92.51,Technology,Computer Software: Prepackaged Software
676,INN^C,9492,668.5,709.18,5/16/2022,6/6/2022,40.68,n/a,n/a
677,HRG,5125,523.27,243.67,2/27/2020,8/9/2021,-279.6,Miscellaneous,Industrial Machinery/Components
678,NX,9823,870.1,960.24,12/21/2021,8/24/2021,90.14,Capital Goods,Metal Fabrications
679,SLCA,5683,152.18,322.63,8/22/2020,10/16/2020,170.45,Basic Industries,Mining & Quarrying of Nonmetallic Minerals (No Fuels)
680,CHK^D,3328,546.8,929.4,11/4/2020,7/9/2021,382.6,n/a,n/a
681,REXX,9404,547.24,982.09,8/5/2022,3/25/2022,434.85,Energy,Oil & Gas Production
682,HQL,9068,350.2,247.12,5/27/2021,10/12/2021,-103.08,n/a,n/a
683,FTD,3168,425.14,164.9,6/25/2022,8/16/2021,-260.24,Consumer Services,Other Consumer Services
684,SYX,9446,970.16,402.08,9/17/2021,6/14/2020,-568.08,Consumer Services,Catalog/Specialty Distribution
685,IRWD,1342,574.27,960.18,2/6/2022,8/9/2020,385.91,Health Care,Major Pharmaceuticals
686,MDGS,77,744.26,113.43,11/25/2021,5/1/2022,-630.83,Health Care,Medical/Dental Instruments
687,MSP,6688,599.1,396.95,11/19/2022,10/30/2020,-202.15,n/a,n/a
688,IKNX,4878,440.05,681.9,12/21/2021,2/9/2020,241.85,Miscellaneous,Industrial Machinery/Components
689,CEA,6162,93.99,682.38,3/4/2020,5/12/2022,588.39,Transportation,Air Freight/Delivery Services
690,CYTXW,6335,380.37,143.37,3/21/2020,2/8/2021,-237.0,Health Care,Medical/Dental Instruments
691,CCC,7057,256.95,839.61,5/27/2022,6/13/2021,582.66,Basic Industries,Major Chemicals
692,SSRI,3523,573.48,529.38,6/4/2022,8/13/2022,-44.1,Basic Industries,Precious Metals
693,PEB^D,3803,691.69,143.44,8/2/2021,11/7/2020,-548.25,n/a,n/a
694,DSL,9040,161.07,898.49,11/10/2021,10/3/2022,737.42,n/a,n/a
695,CYH,8247,55.08,587.38,10/4/2022,7/17/2021,532.3,Health Care,Hospital/Nursing Management
696,MPO,3859,308.38,899.86,2/7/2022,1/13/2021,591.48,Energy,Oil & Gas Production
697,ANCB,9130,711.35,870.82,9/3/2022,6/23/2021,159.47,Finance,Banks
698,CSS,9970,479.61,116.04,8/14/2022,7/19/2022,-363.57,Consumer Services,Consumer: Greeting Cards
699,QTNT,6680,900.62,466.85,6/21/2021,12/23/2022,-433.77,Health Care,Biotechnology: In Vitro & In Vivo Diagnostic Substances
700,BECN,5148,24.17,406.13,1/24/2022,8/2/2022,381.96,Consumer Services,RETAIL: Building Materials
701,AMP,1646,544.89,247.6,3/23/2020,8/9/2021,-297.29,Finance,Investment Managers
702,GGM,2603,934.65,789.42,12/7/2020,4/13/2021,-145.23,n/a,n/a
703,GOVNI,1194,507.82,898.79,7/29/2022,8/4/2021,390.97,Finance,Real Estate
704,MHF,5130,161.18,299.0,10/20/2021,12/26/2022,137.82,n/a,n/a
705,ROG,7261,216.83,13.68,2/20/2020,11/5/2020,-203.15,Basic Industries,Major Chemicals
706,KINS,8941,787.86,115.74,4/5/2020,11/30/2021,-672.12,Finance,Property-Casualty Insurers
707,TDOC,6585,251.92,723.54,1/30/2021,3/30/2020,471.62,Health Care,Medical/Nursing Services
708,FMK,9946,965.34,47.54,5/4/2020,9/5/2022,-917.8,n/a,n/a
709,MDU,1256,184.39,179.6,10/4/2020,6/22/2021,-4.79,Basic Industries,Mining & Quarrying of Nonmetallic Minerals (No Fuels)
710,OCRX,954,568.32,623.25,12/8/2020,7/28/2021,54.93,Health Care,Major Pharmaceuticals
711,VEON,3143,954.57,137.88,1/19/2022,7/31/2022,-816.69,Public Utilities,Telecommunications Equipment
712,SNCR,245,839.17,896.18,1/6/2020,3/21/2020,57.01,Technology,EDP Services
713,RF,3042,442.11,350.68,12/1/2020,7/30/2020,-91.43,Finance,Major Banks
714,BHL,5892,108.81,755.42,6/12/2020,11/29/2021,646.61,n/a,n/a
715,RAND,5618,487.63,767.65,10/24/2020,4/26/2022,280.02,n/a,n/a
716,INTG,8660,979.23,217.21,9/5/2021,6/4/2021,-762.02,Consumer Services,Building operators
717,PSB^W,8148,707.12,273.71,10/27/2021,6/9/2021,-433.41,n/a,n/a
718,CSTR,8289,867.56,267.02,5/19/2020,10/29/2020,-600.54,Finance,Major Banks
719,EIGR,3186,327.95,916.24,5/15/2020,9/16/2022,588.29,Health Care,Biotechnology: Biological Products (No Diagnostic Substances)
720,UCP,3576,867.09,28.58,4/2/2021,4/4/2022,-838.51,Capital Goods,Homebuilding
721,PLUG,942,945.81,348.51,10/8/2020,11/9/2021,-597.3,Energy,Industrial Machinery/Components
722,HQH,601,366.01,677.35,12/29/2020,12/12/2022,311.34,n/a,n/a
723,NVS,3265,427.96,487.4,10/8/2022,7/15/2022,59.44,Health Care,Major Pharmaceuticals
724,EPAY,5381,183.71,624.99,7/9/2022,10/5/2021,441.28,Technology,Computer Software: Prepackaged Software
725,MNST,1650,525.75,112.81,12/5/2021,12/10/2022,-412.94,Consumer Non-Durables,Beverages (Production/Distribution)
726,NKE,3772,336.86,185.43,7/5/2020,1/9/2020,-151.43,Consumer Non-Durables,Shoe Manufacturing
727,SPWH,2126,7.78,932.01,12/1/2022,10/7/2022,924.23,Consumer Services,Other Specialty Stores
728,FISV,2459,119.96,262.45,5/10/2020,9/28/2021,142.49,Technology,EDP Services
729,LSXMB,8784,931.13,835.02,6/12/2022,2/15/2022,-96.11,Consumer Services,Broadcasting
730,CIVBP,1591,496.97,97.36,6/24/2022,12/16/2020,-399.61,Finance,Major Banks
731,UBNT,9504,546.06,390.17,9/7/2020,10/15/2022,-155.89,Technology,Radio And Television Broadcasting And Communications Equipment
732,VNTV,8905,929.29,668.89,6/18/2021,1/28/2021,-260.4,Miscellaneous,Business Services
733,CBFV,4971,935.44,725.86,7/9/2020,3/3/2020,-209.58,Finance,Major Banks
734,DSX,8557,285.88,515.57,2/9/2020,2/3/2020,229.69,Transportation,Marine Transportation
735,PDM,5519,886.46,570.05,10/4/2021,12/3/2020,-316.41,Consumer Services,Building operators
736,EGN,1017,316.69,701.07,9/10/2020,12/6/2020,384.38,Energy,Oil & Gas Production
737,TCP,6677,0.78,889.38,2/2/2021,8/11/2022,888.6,Public Utilities,Natural Gas Distribution
738,DTF,4487,61.43,165.07,12/12/2020,5/30/2021,103.64,n/a,n/a
739,YRD,5500,314.21,121.25,6/17/2022,11/16/2020,-192.96,Finance,Finance: Consumer Services
740,CBL^E,9612,791.39,479.98,6/29/2020,3/26/2021,-311.41,n/a,n/a
741,FMN,468,349.33,519.49,4/30/2022,7/12/2022,170.16,n/a,n/a
742,CCP,8415,178.6,239.77,7/14/2020,4/13/2021,61.17,Consumer Services,Real Estate Investment Trusts
743,SMG,383,753.51,487.63,7/25/2022,4/23/2021,-265.88,Basic Industries,Agricultural Chemicals
744,HOG,7351,735.35,276.3,10/8/2022,6/22/2021,-459.05,Consumer Non-Durables,Motor Vehicles
745,VIDI,3965,634.95,440.98,3/29/2022,10/22/2020,-193.97,n/a,n/a
746,IRWD,6177,412.1,508.25,12/1/2020,8/4/2021,96.15,Health Care,Major Pharmaceuticals
747,HESM,6317,330.44,396.14,3/12/2021,5/6/2022,65.7,Energy,Oil & Gas Production
748,FBR,643,294.1,462.52,1/5/2021,12/11/2020,168.42,Basic Industries,Paper
749,MATR,9804,350.72,680.47,3/27/2022,5/14/2020,329.75,Technology,EDP Services
750,ITG,5416,816.55,918.38,9/16/2021,2/19/2022,101.83,Finance,Investment Bankers/Brokers/Service
751,PVG,2406,855.56,898.51,2/26/2022,12/21/2020,42.95,Basic Industries,Precious Metals
752,CUB,8486,559.93,491.48,5/30/2022,6/13/2021,-68.45,Capital Goods,Industrial Machinery/Components
753,CRI,5701,844.68,682.62,11/16/2022,4/21/2020,-162.06,Consumer Non-Durables,Apparel
754,WMS,7302,893.04,759.05,5/18/2022,5/29/2022,-133.99,Capital Goods,Containers/Packaging
755,REGI,3351,977.25,983.76,1/22/2021,10/1/2021,6.51,Basic Industries,Major Chemicals
756,EAGLW,2384,170.53,740.99,8/20/2021,3/28/2020,570.46,Finance,Business Services
757,IRIX,949,208.28,154.72,7/17/2022,5/26/2022,-53.56,Health Care,Biotechnology: Electromedical & Electrotherapeutic Apparatus
758,SAMG,9810,16.15,298.99,7/25/2022,1/27/2022,282.84,Finance,Investment Managers
759,AUY,2412,323.26,606.84,3/1/2021,6/2/2022,283.58,Basic Industries,Precious Metals
760,TGS,7871,922.73,376.69,12/2/2021,2/12/2020,-546.04,Public Utilities,Natural Gas Distribution
761,FNTEW,4558,398.56,261.86,6/23/2021,3/27/2020,-136.7,Finance,Business Services
762,AZZ,7112,109.77,59.25,10/8/2020,6/5/2020,-50.52,Consumer Durables,Building Products
763,FRC^C,5747,743.46,774.01,5/5/2020,4/16/2021,30.55,n/a,n/a
764,QCP,9538,925.24,416.77,3/29/2022,1/31/2021,-508.47,Consumer Services,Real Estate Investment Trusts
765,SIVB,7383,534.42,829.89,1/13/2020,6/15/2021,295.47,Finance,Major Banks
766,AIA,6458,698.23,63.13,12/14/2020,10/8/2021,-635.1,n/a,n/a
767,GGT^B,2778,124.92,518.83,12/12/2021,2/22/2020,393.91,n/a,n/a
768,ANDAW,4345,438.34,676.19,12/10/2022,10/26/2021,237.85,Finance,Business Services
769,GOOG,8537,451.71,612.8,6/23/2022,11/13/2020,161.09,Technology,"Computer Software: Programming, Data Processing"
770,PWR,1416,455.85,106.55,4/17/2022,9/9/2020,-349.3,Capital Goods,Engineering & Construction
771,SPEX,9629,128.47,226.61,5/20/2022,2/28/2020,98.14,Miscellaneous,Multi-Sector Companies
772,SNPS,422,700.93,75.67,10/24/2020,9/12/2020,-625.26,Technology,Computer Software: Prepackaged Software
773,ADVM,8765,253.64,610.24,8/27/2021,4/25/2020,356.6,Health Care,Biotechnology: Biological Products (No Diagnostic Substances)
774,TRN,6009,109.36,781.39,1/14/2021,4/3/2020,672.03,Capital Goods,Railroads
775,ASX,8191,139.7,31.37,5/16/2021,10/14/2021,-108.33,Technology,Semiconductors
776,WLH,638,10.08,201.64,12/20/2020,3/9/2021,191.56,Capital Goods,Homebuilding
777,CPK,7830,985.0,118.79,1/29/2022,12/9/2022,-866.21,Public Utilities,Oil & Gas Production
778,CGO,6326,864.72,656.35,7/2/2020,6/9/2021,-208.37,n/a,n/a
779,ISHG,1880,932.09,648.16,5/13/2022,1/6/2020,-283.93,n/a,n/a
780,PMBC,7910,610.42,766.07,1/2/2022,2/29/2020,155.65,Finance,Major Banks
781,FNLC,1416,408.58,808.87,6/23/2021,8/17/2022,400.29,Finance,Major Banks
782,UBCP,5342,852.08,937.21,1/24/2022,12/30/2022,85.13,Finance,Major Banks
783,AKRX,333,728.89,932.74,1/2/2021,5/23/2020,203.85,Health Care,Major Pharmaceuticals
784,ORA,3581,475.45,29.14,1/7/2020,5/5/2022,-446.31,Public Utilities,Electric Utilities: Central
785,AFST,7858,193.2,108.58,7/18/2021,10/24/2022,-84.62,Finance,Property-Casualty Insurers
786,CYS,9205,59.52,931.12,2/22/2020,3/28/2021,871.6,Consumer Services,Real Estate Investment Trusts
787,VEC,9124,801.97,301.56,9/28/2020,2/27/2022,-500.41,Consumer Services,Diversified Commercial Services
788,PRFZ,1028,675.72,870.06,9/22/2022,6/12/2021,194.34,n/a,n/a
789,NXQ,9018,553.94,848.12,4/22/2022,9/5/2022,294.18,n/a,n/a
790,CCXI,6884,236.89,242.98,12/25/2022,9/12/2022,6.09,Health Care,Major Pharmaceuticals
791,CRNT,3309,59.93,120.51,6/15/2021,11/19/2022,60.58,Technology,Radio And Television Broadcasting And Communications Equipment
792,AAME,21,803.34,399.37,12/6/2021,4/21/2022,-403.97,Finance,Life Insurance
793,ABG,3379,839.46,502.48,10/15/2021,4/24/2020,-336.98,Consumer Durables,Automotive Aftermarket
794,BLDP,687,514.78,474.86,6/12/2022,2/9/2021,-39.92,Energy,Industrial Machinery/Components
795,ACRX,3698,510.64,531.99,6/5/2022,11/23/2020,21.35,Health Care,Major Pharmaceuticals
796,EVHC^,4663,800.17,866.61,12/21/2021,12/23/2022,66.44,n/a,n/a
797,OCFC,2524,250.46,352.8,3/1/2022,12/19/2020,102.34,Finance,Savings Institutions
798,STDY,9588,455.78,360.56,3/30/2021,10/8/2021,-95.22,Health Care,Major Pharmaceuticals
799,RILYZ,382,248.27,376.4,6/2/2022,9/26/2021,128.13,Miscellaneous,Business Services
800,FOX,9022,212.05,598.55,11/19/2020,7/7/2021,386.5,Consumer Services,Television Services
801,PLNT,8570,330.43,160.08,5/25/2020,1/14/2022,-170.35,Consumer Services,Hotels/Resorts
802,TVTY,9793,817.69,183.98,10/25/2020,5/16/2021,-633.71,Health Care,Hospital/Nursing Management
803,GEOS,3781,541.0,806.52,3/26/2021,10/31/2021,265.52,Capital Goods,Industrial Machinery/Components
804,FSZ,3683,859.24,476.93,10/31/2020,5/26/2022,-382.31,n/a,n/a
805,SSBI,3479,998.46,599.3,7/31/2022,12/3/2021,-399.16,n/a,n/a
806,RPD,9855,813.36,515.59,3/17/2020,8/5/2020,-297.77,Technology,Computer Software: Prepackaged Software
807,WG,5535,808.67,372.92,1/30/2020,9/7/2022,-435.75,Energy,Oilfield Services/Equipment
808,PFIS,9396,849.01,158.87,1/22/2021,3/25/2020,-690.14,Finance,Major Banks
809,HBMD,5236,685.43,792.99,5/24/2021,2/4/2022,107.56,Finance,Major Banks
810,REFR,1137,168.31,308.0,2/5/2022,3/14/2022,139.69,Miscellaneous,Multi-Sector Companies
811,AEM,7377,393.42,838.28,9/16/2021,2/25/2022,444.86,Basic Industries,Precious Metals
812,FFIN,4963,191.47,397.04,6/15/2022,4/18/2022,205.57,Finance,Major Banks
813,STI,529,416.87,914.95,12/25/2021,3/25/2020,498.08,Finance,Major Banks
814,FTD,9406,367.7,1.42,6/26/2020,9/24/2021,-366.28,Consumer Services,Other Consumer Services
815,ACM,1315,119.6,235.73,3/7/2020,5/6/2021,116.13,Consumer Services,Military/Government/Technical
816,WFC^Y,3893,431.2,323.56,3/13/2022,3/2/2021,-107.64,n/a,n/a
817,MSFT,9729,436.53,211.57,6/19/2021,5/10/2022,-224.96,Technology,Computer Software: Prepackaged Software
818,CRAY,447,741.94,571.52,9/11/2021,6/7/2022,-170.42,Technology,Computer Manufacturing
819,TCRZ,2775,394.04,540.19,5/20/2022,12/5/2022,146.15,n/a,n/a
820,IPL^D,9079,361.83,358.01,4/25/2021,12/19/2021,-3.82,n/a,n/a
821,AKP,4914,743.79,852.17,8/4/2022,3/30/2020,108.38,n/a,n/a
822,NAN,1488,766.63,422.46,10/4/2020,2/22/2022,-344.17,n/a,n/a
823,LUX,5144,246.69,975.47,8/28/2021,2/15/2020,728.78,Health Care,Ophthalmic Goods
824,MSBI,4484,397.23,774.91,2/13/2020,7/28/2022,377.68,Finance,Major Banks
825,WFC.WS,5452,609.72,239.71,1/18/2020,8/21/2021,-370.01,n/a,n/a
826,OSTK,1855,98.64,681.66,11/15/2021,1/9/2022,583.02,Consumer Services,Catalog/Specialty Distribution
827,MSP,5349,168.82,462.8,10/16/2020,7/7/2021,293.98,n/a,n/a
828,FCB,577,988.32,239.18,2/14/2020,3/27/2022,-749.14,Finance,Major Banks
829,GIMO,7917,372.77,286.34,12/27/2021,10/6/2021,-86.43,Technology,EDP Services
830,HDS,8066,900.5,173.77,12/25/2021,7/15/2022,-726.73,Consumer Services,Office Equipment/Supplies/Services
831,MNK,4630,625.56,286.79,6/4/2020,11/20/2021,-338.77,Health Care,Major Pharmaceuticals
832,CPTAL,1150,18.5,642.11,9/1/2022,7/8/2021,623.61,n/a,n/a
833,UCFC,3335,199.13,458.39,4/18/2022,7/17/2022,259.26,Finance,Banks
834,STAR^I,6039,556.07,601.42,8/20/2021,2/2/2021,45.35,n/a,n/a
835,MUX,9846,197.03,711.73,11/2/2022,1/21/2020,514.7,Basic Industries,Precious Metals
836,ATTO,7591,136.06,147.5,11/17/2021,5/20/2020,11.44,Public Utilities,Telecommunications Equipment
837,APOP,3712,982.31,984.54,2/7/2020,6/14/2021,2.23,n/a,n/a
838,WRB^C,5670,356.99,834.38,12/3/2021,3/9/2020,477.39,n/a,n/a
839,TEVA,7796,704.43,922.1,5/2/2022,11/15/2020,217.67,Health Care,Major Pharmaceuticals
840,UTL,2125,136.13,875.26,6/25/2021,3/1/2021,739.13,Public Utilities,Power Generation
841,NGHCZ,8985,639.29,313.65,11/4/2020,1/25/2022,-325.64,Finance,Property-Casualty Insurers
842,AHT,1088,603.98,190.08,8/14/2020,6/14/2020,-413.9,Consumer Services,Real Estate Investment Trusts
843,CPF,8726,46.02,109.89,6/7/2021,11/11/2020,63.87,Finance,Major Banks
844,DFFN,8448,514.21,387.27,8/6/2020,7/7/2020,-126.94,Health Care,Major Pharmaceuticals
845,GRAM,9458,959.78,727.5,2/2/2020,12/5/2022,-232.28,Basic Industries,Military/Government/Technical
846,FBZ,5885,27.88,330.0,2/9/2020,8/7/2022,302.12,n/a,n/a
847,BCOM,7480,751.84,850.88,11/17/2022,1/23/2020,99.04,Consumer Services,Telecommunications Equipment
848,WPXP,7633,678.85,64.7,10/27/2022,1/8/2022,-614.15,Energy,Oil & Gas Production
849,NODK,8403,979.43,155.24,8/16/2020,10/19/2020,-824.19,Finance,Property-Casualty Insurers
850,NRCIB,620,348.07,842.3,10/29/2021,10/5/2022,494.23,Health Care,Biotechnology: Commercial Physical & Biological Resarch
851,TIPT,9520,32.73,560.8,1/18/2022,5/22/2020,528.07,Finance,Property-Casualty Insurers
852,NUM,410,340.98,25.29,4/30/2020,7/10/2021,-315.69,n/a,n/a
853,GRVY,1827,754.68,725.78,8/4/2020,7/28/2020,-28.9,Miscellaneous,Business Services
854,SBGL,1513,930.14,767.27,11/22/2022,8/8/2021,-162.87,Basic Industries,Precious Metals
855,NWL,7656,60.26,32.13,5/9/2021,12/25/2022,-28.13,Consumer Non-Durables,Plastic Products
856,RGNX,403,113.16,319.34,5/1/2021,9/19/2020,206.18,Health Care,Biotechnology: Biological Products (No Diagnostic Substances)
857,MET^A,9698,50.28,61.49,12/29/2022,10/1/2021,11.21,n/a,n/a
858,RDI,8149,654.86,499.36,2/3/2020,9/3/2022,-155.5,Consumer Services,Movies/Entertainment
859,UNIT,7667,329.45,540.22,2/28/2020,1/17/2020,210.77,Consumer Services,Real Estate Investment Trusts
860,EGN,963,582.24,433.18,3/10/2022,9/12/2020,-149.06,Energy,Oil & Gas Production
861,CTLT,779,216.74,536.24,2/15/2021,1/7/2022,319.5,Health Care,Major Pharmaceuticals
862,LALT,3166,4.16,916.2,1/17/2020,2/26/2020,912.04,n/a,n/a
863,ATRC,4470,586.62,532.7,2/18/2021,1/15/2022,-53.92,Health Care,Medical/Dental Instruments
864,WCFB,3726,140.97,374.17,9/12/2022,4/27/2021,233.2,Finance,Major Banks
865,LQ,7195,644.98,157.87,3/20/2020,10/3/2021,-487.11,Consumer Services,Hotels/Resorts
866,FCH^A,9073,711.18,86.05,4/18/2020,4/21/2021,-625.13,Consumer Services,Real Estate Investment Trusts
867,ATRI,4299,795.66,878.43,4/12/2020,8/30/2020,82.77,Health Care,Medical/Dental Instruments
868,ARW,8444,804.97,607.95,11/14/2020,5/2/2020,-197.02,Consumer Non-Durables,Electronic Components
869,BCX,9864,851.18,278.32,4/18/2022,5/12/2022,-572.86,n/a,n/a
870,CTS,4630,687.71,448.7,9/26/2021,4/19/2022,-239.01,Technology,Electrical Products
871,CEL,135,59.32,761.51,12/8/2020,5/1/2021,702.19,Public Utilities,Telecommunications Equipment
872,TROV,9364,676.88,703.16,7/16/2021,12/31/2020,26.28,Health Care,Biotechnology: Biological Products (No Diagnostic Substances)
873,IMRNW,1622,905.98,169.35,2/4/2021,1/31/2022,-736.63,Health Care,Major Pharmaceuticals
874,SEE,4311,468.27,557.23,7/25/2021,3/7/2021,88.96,Basic Industries,Major Chemicals
875,LVLT,9840,929.32,396.64,12/2/2020,9/17/2020,-532.68,Public Utilities,Telecommunications Equipment
876,FFIC,649,140.4,947.48,3/26/2020,5/4/2021,807.08,Finance,Major Banks
877,SBFG,4457,571.54,240.63,7/17/2020,11/22/2020,-330.91,Finance,Major Banks
878,Y,8959,656.79,207.71,5/13/2020,10/18/2020,-449.08,Finance,Property-Casualty Insurers
879,LIVE,2502,372.17,801.73,7/2/2020,1/19/2021,429.56,Technology,EDP Services
880,EDGE,4138,892.38,724.64,10/4/2022,2/25/2022,-167.74,Health Care,Major Pharmaceuticals
881,DVA,4385,467.47,292.37,9/12/2020,9/20/2022,-175.1,Health Care,Hospital/Nursing Management
882,IESC,5334,76.52,897.72,8/12/2022,11/18/2021,821.2,Capital Goods,Engineering & Construction
883,CIO^A,1081,503.23,957.74,10/18/2021,9/23/2020,454.51,n/a,n/a
884,VSM,1119,492.0,361.17,11/3/2020,10/17/2022,-130.83,Basic Industries,Major Chemicals
885,BIOS,3485,271.29,386.5,12/30/2020,2/5/2020,115.21,Health Care,Medical/Nursing Services
886,LND,109,369.05,225.75,3/29/2022,11/9/2021,-143.3,n/a,n/a
887,FFA,451,385.59,296.74,7/3/2021,8/25/2020,-88.85,n/a,n/a
888,PSB^U,2615,152.28,957.03,2/2/2021,4/5/2020,804.75,n/a,n/a
889,ATNI,8253,40.79,854.61,8/22/2021,12/20/2022,813.82,Public Utilities,Telecommunications Equipment
890,SAH,3004,356.7,169.6,2/21/2020,2/20/2022,-187.1,Consumer Durables,Automotive Aftermarket
891,CBLI,464,642.02,931.45,9/18/2020,3/30/2020,289.43,Health Care,Biotechnology: Commercial Physical & Biological Resarch
892,KTWO,1376,488.66,984.66,2/25/2022,5/25/2021,496.0,Health Care,Medical/Dental Instruments
893,HBCP,5319,282.2,136.47,7/24/2022,1/8/2020,-145.73,Finance,Banks
894,EPR^F,5670,807.3,824.87,8/9/2021,6/30/2020,17.57,n/a,n/a
895,UHT,6599,823.78,952.58,3/22/2020,8/10/2020,128.8,Consumer Services,Real Estate Investment Trusts
896,UCTT,5607,821.02,668.87,2/9/2020,8/24/2020,-152.15,Technology,Semiconductors
897,SBBP,3981,16.99,507.19,7/22/2021,1/27/2020,490.2,Health Care,Major Pharmaceuticals
898,JHY,4726,329.65,604.86,1/31/2021,5/7/2022,275.21,n/a,n/a
899,PDT,818,481.24,989.7,1/7/2021,9/21/2021,508.46,n/a,n/a
900,PEB^D,60,176.63,54.11,1/20/2021,7/27/2022,-122.52,n/a,n/a
901,CRCM,2558,763.14,253.62,2/1/2021,1/25/2021,-509.52,Consumer Services,Other Consumer Services
902,CXRX,9829,320.01,969.99,11/26/2021,3/22/2020,649.98,Health Care,Major Pharmaceuticals
903,CHSCP,1864,205.27,331.56,7/16/2021,4/3/2021,126.29,Consumer Services,Farming/Seeds/Milling
904,MACQ,8246,273.61,595.27,8/2/2022,5/29/2020,321.66,Finance,Business Services
905,SPWR,1665,315.32,893.06,1/31/2021,12/8/2021,577.74,Technology,Semiconductors
906,JKI,7072,796.76,702.11,12/23/2020,1/27/2020,-94.65,n/a,n/a
907,MIME,7025,958.04,24.9,8/22/2020,12/3/2020,-933.14,Technology,Computer Software: Prepackaged Software
908,SHBI,7620,475.46,956.2,3/29/2020,6/24/2021,480.74,Finance,Major Banks
909,TTP,9448,691.46,23.89,12/21/2020,3/6/2020,-667.57,n/a,n/a
910,TROX,4895,857.98,195.82,8/23/2020,12/27/2020,-662.16,Basic Industries,Major Chemicals
911,DRH,4754,987.98,41.53,3/18/2020,4/17/2022,-946.45,Consumer Services,Real Estate Investment Trusts
912,WHF,9526,941.55,558.57,11/8/2021,2/26/2020,-382.98,n/a,n/a
913,CENX,2219,40.5,323.13,9/16/2022,8/18/2022,282.63,Basic Industries,Aluminum
914,COP,9406,432.53,562.94,1/6/2020,3/23/2022,130.41,Energy,Integrated oil Companies
915,SMLP,3609,482.46,657.48,2/7/2022,8/19/2021,175.02,Public Utilities,Natural Gas Distribution
916,ADM,5985,148.84,22.68,7/31/2020,7/21/2021,-126.16,Consumer Non-Durables,Packaged Foods
917,LLEX,2050,508.34,563.58,9/7/2021,12/25/2021,55.24,Energy,Oil & Gas Production
918,TROW,521,927.13,379.24,12/24/2021,8/9/2022,-547.89,Finance,Investment Bankers/Brokers/Service
919,CNCO,7279,394.96,662.72,10/23/2021,7/24/2022,267.76,Consumer Services,Department/Specialty Retail Stores
920,TVTY,640,144.66,373.98,2/10/2022,10/25/2022,229.32,Health Care,Hospital/Nursing Management
921,PBNC,4861,329.19,208.51,1/3/2021,9/4/2020,-120.68,Finance,Major Banks
922,VZ,3617,724.65,729.9,11/14/2020,11/6/2022,5.25,Public Utilities,Telecommunications Equipment
923,IGI,8333,338.3,428.56,1/21/2020,11/13/2021,90.26,n/a,n/a
924,GNBC,3291,57.75,713.41,6/17/2020,8/28/2022,655.66,Finance,Major Banks
925,LLEX,8999,239.01,214.54,12/24/2020,7/17/2022,-24.47,Energy,Oil & Gas Production
926,FTXD,1740,616.37,679.71,12/29/2022,9/12/2020,63.34,n/a,n/a
927,OXFD,2841,178.87,486.98,7/3/2021,3/24/2021,308.11,Health Care,Biotechnology: In Vitro & In Vivo Diagnostic Substances
928,BVXVW,8624,296.07,954.97,1/19/2020,4/28/2020,658.9,Health Care,Biotechnology: Biological Products (No Diagnostic Substances)
929,EBF,796,377.91,23.07,11/12/2021,3/18/2021,-354.84,Consumer Services,Office Equipment/Supplies/Services
930,JBT,2322,493.02,978.24,12/28/2022,9/19/2020,485.22,Technology,Industrial Machinery/Components
931,ESNT,8006,511.39,136.98,8/3/2022,1/8/2021,-374.41,Finance,Property-Casualty Insurers
932,FRC^F,6607,118.13,216.3,7/24/2022,10/9/2020,98.17,n/a,n/a
933,ZAGG,3860,560.0,101.62,7/26/2022,6/18/2020,-458.38,Consumer Services,Other Specialty Stores
934,ABIO,143,204.42,132.23,6/14/2022,8/5/2022,-72.19,Health Care,Biotechnology: In Vitro & In Vivo Diagnostic Substances
935,TAPR,4249,703.91,173.53,6/12/2022,4/24/2021,-530.38,Finance,Commercial Banks
936,MPX,3574,748.81,97.2,12/14/2022,12/10/2021,-651.61,Capital Goods,Marine Transportation
937,SBSI,5415,764.67,74.45,8/3/2020,3/11/2022,-690.22,Finance,Major Banks
938,HSKA,7266,291.88,149.0,4/17/2022,4/16/2020,-142.88,Health Care,Biotechnology: Biological Products (No Diagnostic Substances)
939,PAG,8074,41.99,660.75,6/14/2020,1/26/2022,618.76,Consumer Durables,Automotive Aftermarket
940,POWI,6858,486.26,667.06,2/20/2022,3/9/2021,180.8,Technology,Semiconductors
941,CMD,1891,756.32,976.83,5/8/2020,7/15/2020,220.51,Health Care,Medical/Dental Instruments
942,WEB,3371,938.52,715.03,11/3/2022,12/23/2022,-223.49,Technology,Computer Software: Prepackaged Software
943,ENIA,369,576.2,231.04,11/18/2020,10/20/2021,-345.16,Public Utilities,Electric Utilities: Central
944,VNET,7396,215.04,63.17,6/25/2021,6/25/2020,-151.87,Technology,"Computer Software: Programming, Data Processing"
945,FDS,3400,552.54,34.99,3/13/2021,3/16/2022,-517.55,Technology,"Computer Software: Programming, Data Processing"
946,PAAS,4718,379.28,16.25,9/28/2020,8/5/2020,-363.03,Basic Industries,Precious Metals
947,ORIG,5863,394.15,717.33,3/14/2021,3/23/2021,323.18,Energy,Oil & Gas Production
948,YRD,847,479.11,755.78,10/8/2020,4/13/2020,276.67,Finance,Finance: Consumer Services
949,ECOL,3400,837.8,512.9,3/16/2020,9/5/2022,-324.9,Public Utilities,Environmental Services
950,PQ,6917,69.4,921.49,10/24/2022,4/1/2020,852.09,Energy,Oil & Gas Production
951,MSBF,7460,900.59,513.17,1/20/2022,5/4/2022,-387.42,Finance,Savings Institutions
952,PRFT,1792,364.89,66.81,12/5/2022,8/25/2021,-298.08,Technology,EDP Services
953,EDAP,5545,673.65,382.89,11/14/2022,4/1/2020,-290.76,Health Care,Biotechnology: Electromedical & Electrotherapeutic Apparatus
954,ARNC,3329,183.35,799.66,6/11/2022,1/21/2022,616.31,Capital Goods,Metal Fabrications
955,LAND,8841,909.13,785.8,2/18/2020,5/7/2022,-123.33,Consumer Services,Real Estate Investment Trusts
956,SRDX,7271,818.22,244.03,1/19/2021,4/7/2020,-574.19,Health Care,Medical/Dental Instruments
957,ARCB,3674,604.53,39.06,6/19/2022,4/28/2020,-565.47,Transportation,Trucking Freight/Courier Services
958,DHT,5426,601.37,164.5,1/29/2020,6/8/2022,-436.87,Transportation,Marine Transportation
959,ATAX,3370,919.96,964.26,11/10/2020,4/7/2022,44.3,Finance,Finance: Consumer Services
960,NTRSP,6591,623.04,814.98,10/31/2020,8/18/2020,191.94,Finance,Major Banks
961,JPI,8658,931.68,776.41,4/7/2022,5/8/2022,-155.27,n/a,n/a
962,BEN,263,763.36,821.27,1/30/2022,12/1/2022,57.91,Finance,Investment Managers
963,CME,2885,785.31,588.71,5/8/2022,6/26/2021,-196.6,Finance,Investment Bankers/Brokers/Service
964,GOL,7422,237.43,427.2,1/26/2020,11/25/2021,189.77,Transportation,Air Freight/Delivery Services
965,NKG,3750,626.73,221.85,7/25/2022,5/22/2021,-404.88,n/a,n/a
966,NWLI,2483,748.49,483.76,4/1/2020,12/23/2020,-264.73,Finance,Life Insurance
967,FORR,7327,581.67,139.92,11/24/2021,7/9/2021,-441.75,Consumer Services,Diversified Commercial Services
968,COMT,7520,289.79,426.12,4/28/2020,2/16/2020,136.33,n/a,n/a
969,IVZ,6835,137.84,557.43,6/25/2021,5/1/2022,419.59,Finance,Investment Managers
970,LEJU,9193,710.13,793.93,2/19/2021,4/12/2022,83.8,Finance,Real Estate
971,PJC,3377,523.78,881.14,10/9/2022,1/3/2022,357.36,Finance,Investment Bankers/Brokers/Service
972,STL,6659,963.04,792.23,1/20/2021,9/6/2021,-170.81,Finance,Major Banks
973,FFIN,6549,987.35,441.26,2/25/2020,5/6/2021,-546.09,Finance,Major Banks
974,WING,5349,90.4,439.89,1/8/2022,3/4/2021,349.49,Consumer Services,Restaurants
975,VSDA,7799,153.35,188.31,8/6/2020,6/30/2020,34.96,n/a,n/a
976,LXP,9905,61.46,746.69,8/12/2021,1/22/2020,685.23,Consumer Services,Real Estate Investment Trusts
977,OFG^A,9824,172.59,824.24,4/22/2022,6/23/2022,651.65,Finance,Major Banks
978,ERI,1024,662.31,303.76,9/2/2021,12/12/2020,-358.55,Consumer Services,Hotels/Resorts
979,RKDA,248,730.02,156.83,5/1/2022,12/31/2020,-573.19,Basic Industries,Agricultural Chemicals
980,JHY,6889,902.91,954.93,7/26/2021,12/27/2022,52.02,n/a,n/a
981,HDS,6973,558.26,370.95,11/21/2020,9/28/2020,-187.31,Consumer Services,Office Equipment/Supplies/Services
982,ETJ,1645,58.22,300.58,9/17/2020,10/4/2021,242.36,n/a,n/a
983,MARPS,2752,299.11,86.09,9/9/2021,2/27/2021,-213.02,Energy,Oil & Gas Production
984,BMTC,322,667.62,724.0,11/7/2021,4/17/2022,56.38,Finance,Major Banks
985,DE,7071,592.39,705.73,9/8/2020,8/10/2020,113.34,Capital Goods,Industrial Machinery/Components
986,NAD,3197,223.83,608.61,5/14/2021,4/22/2021,384.78,n/a,n/a
987,RIO,9069,981.5,564.01,9/7/2020,7/3/2022,-417.49,Basic Industries,Precious Metals
988,TCRD,8323,184.18,606.96,2/26/2021,12/2/2021,422.78,n/a,n/a
989,HUNT,471,738.57,954.55,8/15/2022,9/30/2020,215.98,Transportation,Oil Refining/Marketing
990,BEDU,868,758.53,119.57,2/6/2020,7/12/2022,-638.96,Consumer Services,Other Consumer Services
991,BREW,4910,340.12,981.28,4/13/2022,7/30/2022,641.16,Consumer Non-Durables,Beverages (Production/Distribution)
992,MZF,2687,108.52,514.72,9/25/2021,11/6/2022,406.2,n/a,n/a
993,PEO,556,113.75,134.75,4/30/2022,3/9/2021,21.0,n/a,n/a
994,CELH,8750,81.4,255.79,9/22/2021,8/30/2022,174.39,Consumer Non-Durables,Beverages (Production/Distribution)
995,IIVI,4446,652.83,523.0,2/11/2021,8/1/2021,-129.83,Capital Goods,Electronic Components
996,JFC,8654,952.91,661.38,1/10/2020,12/21/2022,-291.53,n/a,n/a
997,DEST,2835,475.33,694.07,1/22/2022,8/8/2021,218.74,Consumer Services,Clothing/Shoe/Accessory Stores
998,KALV,754,950.94,185.16,3/10/2021,8/19/2022,-765.78,Health Care,Major Pharmaceuticals
999,BMTC,1688,780.13,532.48,4/23/2020,7/6/2022,-247.65,Finance,Major Banks
1000,OKSB,4788,341.22,75.62,7/24/2020,4/24/2022,-265.6,Finance,Major Banks
